orbit_id	anchor_id	kappa	omega	determinant_ratio	expected_determinant_ratio	scalar_before	scalar_after	metric_inertia_before	metric_inertia_after	physical_representative_selected
B0_L4_P1_Km0p5	B0_L4_P1	-0.5	1.0177592479910227	1.1512256535147396	1.15122565351474	-0.027933496282254916	-0.17689316157111637	1,3,0	1,3,0	NO
B0_L4_P1_K0p5	B0_L4_P1	0.5	0.9825506395288689	0.8686394339345707	0.8686394339345709	-0.027933496282254916	0.08132052123409134	1,3,0	1,3,0	NO
B3_L0_P6_Km0p5	B3_L0_P6	-0.5	1.0487797178173335	1.4637747120978515	1.4637747120978515	-0.44914818059553363	-0.5447147702693561	1,3,0	1,3,0	NO
B3_L0_P6_K0p5	B3_L0_P6	0.5	0.9534890721200717	0.6831652382946416	0.6831652382946419	-0.44914818059553363	-0.4055717970216426	1,3,0	1,3,0	NO
