check_id	kind	metric_tensor_residual	curvature_tensor_residual	scalar_residual	counted_as_new_geometry
J01	CONSTANT_COORDINATE_ORBIT	2.220446049250313e-16	1.1102230246251565e-16	1.1102230246251565e-16	NO
J02	CONSTANT_COORDINATE_ORBIT	2.220446049250313e-16	1.1102230246251565e-16	6.938893903907228e-17	NO
L01	LOCAL_LORENTZ_ORBIT	2.220446049250313e-16	1.1102230246251565e-16	4.163336342344337e-17	NO
