point_id	x0	x1	x2	x3	provenance
P0	0.0	0.0	0.0	0.0	FREE_DIMENSIONLESS_COVERAGE_CONTROL
P1	0.3333333333333333	-0.25	0.2	-0.16666666666666666	FREE_DIMENSIONLESS_COVERAGE_CONTROL
P2	-0.25	0.2	-0.16666666666666666	0.14285714285714285	FREE_DIMENSIONLESS_COVERAGE_CONTROL
P3	0.2	0.16666666666666666	-0.14285714285714285	-0.125	FREE_DIMENSIONLESS_COVERAGE_CONTROL
P4	-0.16666666666666666	-0.14285714285714285	0.125	0.1111111111111111	FREE_DIMENSIONLESS_COVERAGE_CONTROL
P5	0.5	0.0	-0.3333333333333333	0.25	FREE_DIMENSIONLESS_COVERAGE_CONTROL
P6	0.0	-0.5	0.25	-0.3333333333333333	FREE_DIMENSIONLESS_COVERAGE_CONTROL
P7	0.3333333333333333	0.3333333333333333	0.3333333333333333	0.3333333333333333	FREE_DIMENSIONLESS_COVERAGE_CONTROL
