order	sector	paths	round_endpoints	time_limited	accepted_points	rejected_steps	fold_paths	minimum_timeout_lambda	maximum_endpoint_raw_residual	maximum_endpoint_validation_residual
2	GENERAL	4	4	0	94	0	0	-	5.464388364468675e-11	5.4594867201122575e-11
2	SEAL_EVEN	6	6	0	162	0	1	-	5.661873707753503e-10	1.592710141742213e-09
2	SEAL_ODD_W	4	4	0	111	0	0	-	5.4640828322924246e-11	5.4590392689005e-11
4	GENERAL	10	5	5	333	1	1	0.19156042020766145	2.7273478315029254e-10	3.759433459163054e-10
4	SEAL_EVEN	15	7	8	563	4	2	0.11787904611236555	5.494850284672626e-10	1.7354554952470685e-09
4	SEAL_ODD_W	12	3	9	501	1	3	0.23090557080175722	2.7272326027012964e-10	3.7592583909118544e-10
