{
 "c1_A1m2_Z8": [
  {
   "N": 0,
   "d_star": 0.01392617608429634,
   "base": {
    "q": 13.012823637535796,
    "rho_s": 2.3712729842263314,
    "r_s": 664.7017018056061
   },
   "Radau_1e-10": {
    "q": 13.01282184669176,
    "rho_s": 2.371272731092057,
    "r_s": 664.7017054433338,
    "N_delta": 0,
    "N_rhop": 0,
    "dq_rel": 1.3762147912726302e-07,
    "drho_rel": 1.0675037252748506e-07,
    "dr_rel": 5.472722069141098e-09
   },
   "LSODA_1e-12": {
    "q": 13.012821877147417,
    "rho_s": 2.3712727354162113,
    "r_s": 664.7017053572052,
    "N_delta": 0,
    "N_rhop": 0,
    "dq_rel": 1.3528104492176188e-07,
    "drho_rel": 1.0492681429666492e-07,
    "dr_rel": 5.343147284557657e-09
   }
  },
  {
   "N": 4,
   "d_star": 0.005174618821254287,
   "base": {
    "q": 1.312637110516897,
    "rho_s": 1.1504149600689688,
    "r_s": 1218.8587166875782
   },
   "Radau_1e-10": {
    "q": 1.3126369430310623,
    "rho_s": 1.1504149426833172,
    "r_s": 1218.8587215421041,
    "N_delta": 4,
    "N_rhop": 4,
    "dq_rel": 1.275949258289079e-07,
    "drho_rel": 1.511250478175482e-08,
    "dr_rel": 3.982845511381323e-09
   },
   "LSODA_1e-12": {
    "q": 1.3126369639950073,
    "rho_s": 1.1504149448562864,
    "r_s": 1218.8587197711374,
    "N_delta": 4,
    "N_rhop": 4,
    "dq_rel": 1.1162406468502194e-07,
    "drho_rel": 1.322364796627253e-08,
    "dr_rel": 2.529874223730325e-09
   }
  },
  {
   "N": 8,
   "d_star": 0.003919132640172311,
   "base": {
    "q": 0.7709094341948519,
    "rho_s": 1.092024149665464,
    "r_s": 1533.961808613228
   },
   "Radau_1e-10": {
    "q": 0.7709093015241032,
    "rho_s": 1.0920241351165525,
    "r_s": 1533.9618448312788,
    "N_delta": 8,
    "N_rhop": 8,
    "dq_rel": 1.7209641345085883e-07,
    "drho_rel": 1.3322884309297016e-08,
    "dr_rel": 2.3610790441943422e-08
   },
   "LSODA_1e-12": {
    "q": 0.7709093015215722,
    "rho_s": 1.092024135124759,
    "r_s": 1533.9618448944734,
    "N_delta": 8,
    "N_rhop": 8,
    "dq_rel": 1.7209969655431686e-07,
    "drho_rel": 1.3315369322970077e-08,
    "dr_rel": 2.365198745700737e-08
   }
  }
 ],
 "c2_A1m3_Z1": [
  {
   "N": 0,
   "d_star": 0.0038171165222429257,
   "base": {
    "q": 1.4808683535338463,
    "rho_s": 1.3618060828130882,
    "r_s": 620.4260899547656
   },
   "Radau_1e-10": {
    "q": 1.4808680723833214,
    "rho_s": 1.3618060187312413,
    "r_s": 620.4260932879633,
    "N_delta": 0,
    "N_rhop": 0,
    "dq_rel": 1.898551780043775e-07,
    "drho_rel": 4.705651395504277e-08,
    "dr_rel": 5.372433155999439e-09
   },
   "LSODA_1e-12": {
    "q": 1.480868077618067,
    "rho_s": 1.3618060199229896,
    "r_s": 620.4260932208732,
    "N_delta": 0,
    "N_rhop": 0,
    "dq_rel": 1.8632026180912792e-07,
    "drho_rel": 4.6181390638532234e-08,
    "dr_rel": 5.264297588656702e-09
   }
  },
  {
   "N": 4,
   "d_star": 0.001853444069671007,
   "base": {
    "q": 0.21324155745290085,
    "rho_s": 1.0597775745801432,
    "r_s": 982.9650638728001
   },
   "Radau_1e-10": {
    "q": 0.21324157254921253,
    "rho_s": 1.0597775786045502,
    "r_s": 982.9650448221423,
    "N_delta": 4,
    "N_rhop": 4,
    "dq_rel": 7.07944166853677e-08,
    "drho_rel": 3.797407235607907e-09,
    "dr_rel": 1.9380808620683656e-08
   },
   "LSODA_1e-12": {
    "q": 0.21324157471063085,
    "rho_s": 1.059777579185302,
    "r_s": 982.9650442154826,
    "N_delta": 4,
    "N_rhop": 4,
    "dq_rel": 8.093042557555368e-08,
    "drho_rel": 4.345401157075027e-09,
    "dr_rel": 1.999798180901572e-08
   }
  },
  {
   "N": 8,
   "d_star": 0.0013937663900757328,
   "base": {
    "q": 0.12010281196596691,
    "rho_s": 1.0344580201422724,
    "r_s": 1244.0531818326015
   },
   "Radau_1e-10": {
    "q": 0.12010283855252758,
    "rho_s": 1.0344580274520514,
    "r_s": 1244.053129084036,
    "N_delta": 8,
    "N_rhop": 8,
    "dq_rel": 2.2136501419098594e-07,
    "drho_rel": 7.066288686428337e-09,
    "dr_rel": 4.240057110502225e-08
   },
   "LSODA_1e-12": {
    "q": 0.12010283813848256,
    "rho_s": 1.0344580273449806,
    "r_s": 1244.053130260943,
    "N_delta": 8,
    "N_rhop": 8,
    "dq_rel": 2.1791759265510384e-07,
    "drho_rel": 6.962784441124556e-09,
    "dr_rel": 4.1454544960573224e-08
   }
  }
 ],
 "c3_A2k3_Z8": [
  {
   "N": 0,
   "d_star": 0.019121934545736623,
   "base": {
    "q": 12.428524402617413,
    "rho_s": 2.206296322152016,
    "r_s": 569.6155577317624
   },
   "Radau_1e-10": {
    "q": 12.42852189116294,
    "rho_s": 2.2062959094492522,
    "r_s": 569.6155625321275,
    "N_delta": 0,
    "N_rhop": 0,
    "dq_rel": 2.0207181404527735e-07,
    "drho_rel": 1.8705681545114248e-07,
    "dr_rel": 8.427377095605475e-09
   },
   "LSODA_1e-12": {
    "q": 12.42852192144725,
    "rho_s": 2.2062959144358656,
    "r_s": 569.6155625043605,
    "N_delta": 0,
    "N_rhop": 0,
    "dq_rel": 1.9963513619120031e-07,
    "drho_rel": 1.84796641559538e-07,
    "dr_rel": 8.37863020561087e-09
   }
  },
  {
   "N": 4,
   "d_star": 0.00771955920570932,
   "base": {
    "q": 1.5741242788473495,
    "rho_s": 1.1451918059646913,
    "r_s": 999.0229657169547
   },
   "Radau_1e-10": {
    "q": 1.5741242180831883,
    "rho_s": 1.145191800880626,
    "r_s": 999.0229587070885,
    "N_delta": 4,
    "N_rhop": 4,
    "dq_rel": 3.860188301187655e-08,
    "drho_rel": 4.439487902706488e-09,
    "dr_rel": 7.016721758564239e-09
   },
   "LSODA_1e-12": {
    "q": 1.5741242211283089,
    "rho_s": 1.1451918011327789,
    "r_s": 999.0229587029253,
    "N_delta": 4,
    "N_rhop": 4,
    "dq_rel": 3.666739750711699e-08,
    "drho_rel": 4.219304050694526e-09,
    "dr_rel": 7.020889042140526e-09
   }
  },
  {
   "N": 8,
   "d_star": 0.005864542861150069,
   "base": {
    "q": 0.9381433378126577,
    "rho_s": 1.0904267924125302,
    "r_s": 1254.6928768519801
   },
   "Radau_1e-10": {
    "q": 0.938143376842818,
    "rho_s": 1.0904267959060363,
    "r_s": 1254.692861324773,
    "N_delta": 8,
    "N_rhop": 8,
    "dq_rel": 4.160362148594055e-08,
    "drho_rel": 3.2037970594080867e-09,
    "dr_rel": 1.2375305051482856e-08
   },
   "LSODA_1e-12": {
    "q": 0.9381433821702003,
    "rho_s": 1.09042679638236,
    "r_s": 1254.692860291754,
    "N_delta": 8,
    "N_rhop": 8,
    "dq_rel": 4.728226578084184e-08,
    "drho_rel": 3.6406201918788006e-09,
    "dr_rel": 1.3198629315129041e-08
   }
  }
 ],
 "c4_A3_Z8": [
  {
   "N": 0,
   "d_star": 0.023753727394183147,
   "base": {
    "q": 11.16553292142511,
    "rho_s": 2.421081997190271,
    "r_s": 720.990683407349
   },
   "Radau_1e-10": {
    "q": 11.165530854203814,
    "rho_s": 2.4210816926318754,
    "r_s": 720.9906892591467,
    "N_delta": 0,
    "N_rhop": 0,
    "dq_rel": 1.8514309258895455e-07,
    "drho_rel": 1.257943331722987e-07,
    "dr_rel": 8.116329162334738e-09
   },
   "LSODA_1e-12": {
    "q": 11.165530890521175,
    "rho_s": 2.421081697964934,
    "r_s": 720.9906891881789,
    "N_delta": 0,
    "N_rhop": 0,
    "dq_rel": 1.818904613157242e-07,
    "drho_rel": 1.2359157488261897e-07,
    "dr_rel": 8.017898110155323e-09
   }
  },
  {
   "N": 4,
   "d_star": 0.010345300397286178,
   "base": {
    "q": 1.3344018877136605,
    "rho_s": 1.1605467571866048,
    "r_s": 1215.2564072998343
   },
   "Radau_1e-10": {
    "q": 1.3344016952774402,
    "rho_s": 1.1605467351161385,
    "r_s": 1215.2564118124294,
    "N_delta": 4,
    "N_rhop": 4,
    "dq_rel": 1.4421159177299805e-07,
    "drho_rel": 1.9017300429063858e-08,
    "dr_rel": 3.7132863830762794e-09
   },
   "LSODA_1e-12": {
    "q": 1.334401717545169,
    "rho_s": 1.1605467376656908,
    "r_s": 1215.2564100173101,
    "N_delta": 4,
    "N_rhop": 4,
    "dq_rel": 1.275241687582116e-07,
    "drho_rel": 1.6820445945406147e-08,
    "dr_rel": 2.236133701907511e-09
   }
  },
  {
   "N": 8,
   "d_star": 0.007828695340594567,
   "base": {
    "q": 0.7749516273057807,
    "rho_s": 1.095281316462403,
    "r_s": 1531.4792612942476
   },
   "Radau_1e-10": {
    "q": 0.774951491187739,
    "rho_s": 1.0952813006468205,