{
 "primary": {
  "q|0": [
   [
    13.012823637535796,
    12.428524402617413,
    11.16553292142511,
    12.294262226984948,
    12.624451257557586
   ],
   0.1501237600986037
  ],
  "q|1": [
   [
    1.8705293909812766,
    2.081557929480707,
    1.994629868329933,
    2.4306852268889765,
    2.1916694402365264
   ],
   0.2649976476383209
  ],
  "q|2": [
   [
    1.911536397748099,
    2.2141407868003666,
    1.9972393603611345,
    2.600492151636961,
    2.295777836706285
   ],
   0.3126164312627727
  ],
  "q|3": [
   [
    1.51321187773658,
    1.7771927714946856,
    1.562151291736116,
    2.0773500331340684,
    1.826178828903169
   ],
   0.3221406416734946
  ],
  "q|4": [
   [
    1.312637110516897,
    1.5741242788473495,
    1.3344018877136605,
    1.8314699372634409,
    1.5968327365436752
   ],
   0.33913009749818956
  ],
  "q|5": [
   [
    1.1100880969568458,
    1.3376719760209503,
    1.1251636714070148,
    1.5543591984918559,
    1.352846640472998
   ],
   0.3427949208581725
  ],
  "q|6": [
   [
    0.9745545753382145,
    1.1809792854206278,
    0.9828889121472263,
    1.3692828483075827,
    1.1897021594244706
   ],
   0.34641040993309224
  ],
  "q|7": [
   [
    0.858121234355008,
    1.0419003396694677,
    0.8644946689000138,
    1.207400419782711,
    1.0483071232279915
   ],
   0.3478721271412781
  ],
  "q|8": [
   [
    0.7709094341948519,
    0.9381433378126577,
    0.7749516273057807,
    1.0860522695512238,
    0.9423556569314924
   ],
   0.34919552182188884
  ],
  "rho_s|0": [
   [
    2.3712729842263314,
    2.206296322152016,
    2.421081997190271,
    2.1874773145750996,
    2.2614034898623525
   ],
   0.10203277021245255
  ],
  "rho_s|1": [
   [
    0.6336999543528308,
    0.6452124202083421,
    0.6371404994427621,
    0.6508976440355481,
    0.6426014077682966
   ],
   0.026791418366582397
  ],
  "rho_s|2": [
   [
    1.2113891417753793,
    1.1973072634113764,
    1.236543874247537,
    1.2077040508531987,
    1.2095421181468793
   ],
   0.03236016374625744
  ],
  "rho_s|3": [
   [
    0.7554642007990423,
    0.75019800518909,
    0.7653000952655702,
    0.7543307257829095,
    0.7548450237689004
   ],
   0.019975580089280215
  ],
  "rho_s|4": [
   [
    1.1504149600689688,
    1.1451918059646913,
    1.1605467571866048,
    1.1499619047091185,
    1.1501912347668901
   ],
   0.013337502778840172
  ],
  "rho_s|5": [
   [
    0.8392771399145798,
    0.8356024006789528,
    0.8453734181909165,
    0.8384529160604974,
    0.8388667692297082
   ],
   0.011638890306945173
  ],
  "rho_s|6": [
   [
    1.1144221784299488,
    1.111781842905026,
    1.1197396225354168,
    1.1143653615693319,
    1.1143943414307458
   ],
   0.007137401880638408
  ],
  "rho_s|7": [
   [
    0.8818794414608981,
    0.8797465917029035,
    0.8855932936827656,
    0.8815450710285238,
    0.8817130589273002
   ],
   0.006628196195453431
  ],
  "rho_s|8": [
   [
    1.092024149665464,
    1.0904267924125302,
    1.095281316462403,
    1.0920278747421597,
    1.0920260447138002
   ],
   0.004444081012755441
  ],
  "chi|0": [
   [
    1.6298561319061107,
    1.5804371858740298,
    1.8516537301135096,
    1.5422575324380579,
    1.5755698749646774
   ],
   0.18912269486545466
  ],
  "chi|1": [
   [
    9.650577957586519,
    8.054665802785676,
    9.46960442197988,
    6.91534957423186,
    7.932324919465444
   ],
   0.32544790378727007
  ],
  "chi|2": [
   [
    6.4616597844928725,
    5.442663336649289,
    6.327218194402528,
    4.674674353444006,
    5.3369590437183305
   ],
   0.3163570401037238
  ],
  "chi|3": [
   [
    13.219430532656874,
    11.029148070919641,
    12.996094237390233,
    9.487663223107273,
    10.874775687387752
   ],
   0.3238981434835525
  ],
  "chi|4": [
   [
    10.444968467691794,
    8.63221252986834,
    10.353216462830781,
    7.445132200675815,
    8.562546125575537
   ],
   0.3301015959722772
  ],
  "chi|5": [
   [
    16.915776992696426,
    13.958393251256222,
    16.769413295807443,
    12.039596417383315,
    13.856770174809082
   ],
   0.3315327632507091
  ],
  "chi|6": [
   [
    14.645194643444231,
    12.034146497284194,
    14.57341299569542,
    10.397125142766098,
    11.981632655406893
   ],
   0.33380233877237414
  ],
  "chi|7": [
   [
    20.989902056204013,
    17.238757130214182,
    20.886274780808993,
    14.89350175565371,
    17.167822432253367
   ],
   0.3343195050940465
  ],
  "chi|8": [
   [
    18.926695038188292,
    15.514686771864024,
    18.867263412220822,
    13.4153747224527,
    15.472161535387787
   ],
   0.335254035923128
  ],
  "L|0": [
   [
    3.864833813764588,
    3.4869127505861544,
    4.483005511008031,
    3.3736533654408225,
    3.5629992137671116
   ],
   0.29548991297711047
  ],
  "L|1": [
   [
    6.115570811201012,
    5.1969704165847155,
    6.0334684909456495,
    4.5011847455497485,
    5.097323160124033
   ],
   0.2995759820522865
  ],
  "L|2": [
   [
    7.827584500781303,
    6.5165403452729915,
    7.823882899316008,
    5.645623153073884,
    6.4552767462022125
   ],
   0.31835875399551766
  ],
  "L|3": [
   [
    9.986806522372083,
    8.274044881739014,
    9.945912157955073,
    7.156835885070327,
    8.208770312227667
   ],
   0.3247437140704936
  ],
  "L|4": [
   [
    12.016047982681293,
    9.88553905655096,
    12.015391792389234,
    8.56161840630035,
    9.848565500924177
   ],
   0.3300799618757547
  ],
  "L|5": [
   [
    14.197024933863107,
    11.663666910370592,
    14.17641623893294,
    10.094634724346559,
    11.623984028500672
   ],
   0.3321465408714266
  ],
  "L|6": [
   [
    16.32092971807774,
    13.379345570539684,
    16.318427966852727,
    11.586196119000133,
    13.352263632287283
   ],
   0.33363323718471494
  ],
  "L|7": [
   [
    18.510563101644152,
    15.165737830500051,
    18.49674487589992,
    13.129293063051193,
    15.137093231862838
   ],
   0.3344920456241674
  ],
  "L|8": [
   [
    20.668408055055124,
    16.9176301319288,
    20.66496110818015,
    14.649963147029712,
    16.896003364662523
   ],
   0.33511404611211726
  ],
  "d/d0|0": [
   [
    1.0,
    1.0,
    1.0,
    1.0,
    1.0
   ],
   0.0
  ],
  "d/d0|1": [
   [
    0.46803025464814535,
    0.5003870614279647,
    0.5548350586153522,
    0.5552698791631345,
    0.5195579300838437
   ],
   0.1678924789433217
  ],
  "d/d0|2": [
   [
    0.4488088350754017,
    0.4844362291265659,
    0.5280853357763873,
    0.5371436253738511,
    0.5005768776660141
   ],
   0.17673667669546733
  ],
  "d/d0|3": [
   [
    0.40007227476437757,
    0.4322765942951394,
    0.47079534488334773,
    0.4790803065640815,
    0.44637515729710703
   ],
   0.17725936287838462
  ],
  "d/d0|4": [
   [
    0.3715749958877351,
    0.40370179006969004,
    0.4355232433887219,
    0.44674208767447465,
    0.41540023659217906
   ],
   0.18130531139888073
  ],
  "d/d0|5": [
   [
    0.3418092798456388,
    0.37156996582976465,
    0.4008419642892214,
    0.4112027556294643,
    0.3822409623136878
   ],
   0.181880671937321
  ],
  "d/d0|6": [
   [
    0.3194886847290033,
    0.34785069375317224,
    0.3742164150063894,
    0.384686286289835,
    0.3574347147397664
   ],
   0.18276181469985378
  ],
  "d/d0|7": [
   [
    0.2985814380658621,
    0.3251725183844926,
    0.349846098568572,
    0.35961437878067753,
    0.33409164465653907
   ],
   0.18302860375621433
  ],
  "d/d0|8": [
   [
    0.28142202256021065,
    0.3066919221547912,
    0.3295775526375566,
    0.3390561874737808,
    0.3149417997437911
   ],
   0.18335099101758498
  ]
 }
}