{
 "provenance": {
  "git_sha": "88aed6ccc05556162fba3ea19f71a869081c6da4",
  "branch": "grok",
  "h3_path": "hopfion_arc_scripts_2026-07-05/prod_an256.npz",
  "h3_sha256": "5878f1dbaf870bd143be754490d805470afa028c462b986fa7f83dbd6b757b81",
  "device": "cuda",
  "dtype": "float64"
 },
 "baseline": {
  "grid": {
   "N": 256,
   "L": 6.0,
   "h": 0.0470588235294116
  },
  "Q_H": 0.9916887894742381,
  "E2": 143.21939576768284,
  "E4": 143.2968710837788,
  "E2_over_E4": 0.9994593370008013,
  "axisymmetry_residuals": {
   "rho": 0.07740301667341945,
   "rho4": 0.08624303726885113,
   "S": 0.10514378107122305
  }
 },
 "identities": {
  "rhoS_eq_k4Y_relerr": 7.498756169623034e-16,
  "k4Y_eq_2rho4_abserr": 5e-324,
  "S_formula_relerr": 1.6988678360261997e-15,
  "random_rhoS_2rho4_relerr": 4.1209011650767923e-16,
  "min_rho4": 0.0,
  "positivity_holds": true
 },
 "linear_lapse": {
  "mass_flux_limit": 286.593742167555,
  "predicted_2E4": 286.5937421675576,
  "mass_over_carrier_energy": 1.000270404598471,
  "far_R_spread": 1.1070626466387527e-11,
  "lapse_center_sign": "negative(depressed)",
  "surface_fluxes": [
   [
    0.5,
    33.779177177942515
   ],
   [
    1.0448101265822785,
    155.82543444806382
   ],
   [
    1.589620253164557,
    242.4860507013552
   ],
   [
    2.1344303797468354,
    274.22874128979186
   ],
   [
    2.679240506329114,
    283.3919860294671
   ],
   [
    3.2240506329113923,
    286.08102983003647
   ],
   [
    3.7688607594936707,
    286.55561066719616
   ],
   [
    4.313670886075949,
    286.5926160604613
   ],
   [
    4.858481012658228,
    286.59373560692075
   ],
   [
    5.4032911392405065,
    286.5937421643822
   ]
  ],
  "gate": "PENDING"
 }
}