{
 "phaseC_redo": {
  "res_rel": 0.009520900022126917,
  "res_rel_full": 0.5096387100872277,
  "E4": 143.2968710837788,
  "twoE4": 286.5937421675576,
  "Rs": [
   2.5,
   3.0,
   3.5,
   4.0,
   4.5,
   5.0,
   5.5
  ],
  "surf_flux": [
   140.08582765616856,
   141.56563416657718,
   141.40520203678037,
   140.5695492263012,
   139.41021481344018,
   137.95658519856073,
   136.18090098303244
  ],
  "MN_surface": [
   280.1716553123371,
   283.13126833315437,
   282.81040407356073,
   281.1390984526024,
   278.82042962688035,
   275.91317039712146,
   272.3618019660649
  ],
  "MN_best": 283.13126833315437,
  "R_best": 3.0,
  "MN_best_over_2E4": 0.9879185295246995,
  "MN_surface_limit": 272.3618019660649,
  "MN_over_2E4": 0.9503410643447616
 },
 "phaseC_refine": {
  "N_fine": 256,
  "MN_fine": 272.3618019660649,
  "res_fine": 0.009520900022126917,
  "N_coarse": 128,
  "MN_coarse": 270.50309348636216,
  "res_coarse": 3.0283357955904315
 },
 "axisymmetry_fourier": {
  "m>=1_power_frac": 0.00020980475893302681,
  "m=1": 1.532748531602928e-23,
  "m=2": 5.71287564236582e-17,
  "m=3": 2.703595849404224e-23,
  "m=4": 6.60083409539807e-05
 },
 "E2": 143.21939576768284,
 "E4": 143.2968710837788
}