{
 "phaseC_redo": {
  "res_rel": 0.017526062922357772,
  "E4": 143.2968710837788,
  "twoE4": 286.5937421675576,
  "Rphys": [
   0.7999999999999972,
   1.0823529411764667,
   1.3647058823529363,
   1.647058823529406,
   1.9294117647058755,
   2.211764705882345,
   2.4941176470588147,
   2.7764705882352843,
   3.058823529411754,
   3.3411764705882234,
   3.623529411764693,
   3.9058823529411626,
   4.188235294117632,
   4.470588235294102,
   4.752941176470571,
   5.035294117647041,
   5.3176470588235105,
   5.59999999999998
  ],
  "face_flux": [
   69.41508754895706,
   102.18957083672676,
   122.52374119491004,
   133.3691325998941,
   138.622734081209,
   141.04296879433443,
   142.27645463256945,
   142.93995770986606,
   143.22480967213903,
   143.30251212139015,
   143.30866184351524,
   143.3070582564708,
   143.305732441004,
   143.3046493532512,
   143.30375322669312,
   143.30300341632278,
   143.3023697398778,
   143.30182940844918
  ],
  "MN": [
   138.83017509791412,
   204.37914167345352,
   245.0474823898201,
   266.7382651997882,
   277.245468162418,
   282.08593758866886,
   284.5529092651389,
   285.87991541973213,
   286.44961934427806,
   286.6050242427803,
   286.6173236870305,
   286.6141165129416,
   286.611464882008,
   286.6092987065024,
   286.60750645338624,
   286.60600683264556,
   286.6047394797556,
   286.60365881689836
  ],
  "MN_best": 286.44961934427806,
  "R_best": 3.058823529411754,
  "MN_best_over_2E4": 0.9994971180382743,
  "flux_plateau_spread": 0.0005851657764632518
 },
 "method": "isolated free-space Hockney Poisson (no periodic images) + discrete cubic face fluxes (exact discrete Gauss law)",
 "phaseC_convergence": {
  "N_fine": 256,
  "MN_best_fine": 286.44961934427806,
  "ratio_fine": 0.9994971180382743,
  "res_fine": 0.017526062922357772,
  "N_coarse": 128,
  "MN_best_coarse": 282.0766509054208,
  "ratio_coarse": 1.0073149934864123,
  "res_coarse": 3.0132446459375055
 },
 "axisymmetry_fourier": {
  "m>=1_power_frac": 0.00020980475893302681,
  "m=1": 1.532748531602928e-23,
  "m=2": 5.71287564236582e-17,
  "m=3": 2.703595849404224e-23,
  "m=4": 6.60083409539807e-05
 },
 "E2": 143.21939576768284,
 "E4": 143.2968710837788
}