{
  "grade": "PHASE1_PILOT",
  "device": "cuda",
  "N": 64,
  "L": 5.0,
  "h": 0.15873015873015905,
  "xi": 1.0,
  "kappa": 1.0,
  "steps": 20,
  "dt": 0.01,
  "seed": "hopf",
  "ssize": 1.5,
  "premise": {
    "I": "isorotation about target \u00ea_z",
    "E_Q": "E_static + Q^2/(2I)",
    "metric": "flat FS (Phase 1) \u2014 no backreaction",
    "object": "Q_H~1 sector seed; not f2d hedgehog"
  },
  "runs": [
    {
      "Q": 0.0,
      "final": {
        "step": 19,
        "EQ": 759.9468191872079,
        "E": 759.9468191872079,
        "E2": 656.131650590476,
        "E4": 103.81516859673184,
        "I": 723.87379634286,
        "I2": 552.573280344596,
        "I4": 171.30051599826396,
        "omega": 0.0,
        "Q_H": -0.9363080893880035,
        "Q_charge": 0.0,
        "held_topology": true
      },
      "history_tail": [
        {
          "step": 12,
          "EQ": 762.1317917472592,
          "E": 762.1317917472592,
          "E2": 658.282092756843,
          "E4": 103.8496989904162,
          "I": 724.8530982425345,
          "I2": 552.86192348043,
          "I4": 171.99117476210446,
          "omega": 0.0
        },
        {
          "step": 16,
          "EQ": 760.8807819737617,
          "E": 760.8807819737617,
          "E2": 657.050863261181,
          "E4": 103.8299187125807,
          "I": 724.2924175209005,
          "I2": 552.6969215179344,
          "I4": 171.59549600296614,
          "omega": 0.0
        },
        {
          "step": 19,
          "EQ": 759.9468191872079,
          "E": 759.9468191872079,
          "E2": 656.131650590476,
          "E4": 103.81516859673184,
          "I": 723.87379634286,
          "I2": 552.573280344596,
          "I4": 171.30051599826396,
          "omega": 0.0,
          "Q_H": -0.9363080893880035,
          "Q_charge": 0.0,
          "held_topology": true
        }
      ]
    }
  ]
}