{
 "m1": [
  {
   "grid": [
    16,
    8,
    8
   ],
   "Phi0": 1643.570682194617,
   "Phi": 8.046282120688394e-14,
   "niter": 49,
   "M_MS": 0.2919268223799242,
   "psivar": 0.0015537184385452532,
   "maxB1A": 0.2714674863458424,
   "wall": 980.8406853675842
  },
  {
   "grid": [
    18,
    8,
    8
   ],
   "Phi0": 12.418509386010395,
   "Phi": 10.841468776054125,
   "niter": 12,
   "M_MS": 0.3151343740507887,
   "psivar": 0.02545880834601806,
   "maxB1A": 0.2785047915478987,
   "wall": 121.93376994132996
  }
 ]
}