{
 "diag_20x8x8": {
  "nU": 6400,
  "nF": 7680,
  "Phi0": 2526.7411240396223,
  "t_res": 0.12412738800048828,
  "t_jac": 37.856688261032104,
  "t_lstsq": 0.5246181488037109,
  "t_normal": 0.17062664031982422,
  "peak_GB": 0.0
 },
 "diag_24x10x10": {
  "nU": 12000,
  "nF": 15200,
  "Phi0": 4805.527788385916,
  "t_res": 0.041964054107666016,
  "t_jac": 132.70335865020752,
  "t_lstsq": 2.1465511322021484,
  "t_normal": 0.9046411514282227,
  "peak_GB": 0.0
 }
}