{
 "tag": "P2c-extended/W5/wall/amp0.3",
 "Phi_end": 0.00013853910690756166,
 "maxF_end": 0.006217282111303691,
 "iters": 4000,
 "ncap": 0,
 "stalled": false,
 "wall": 82.17497682571411,
 "rp_start": 687.7973720554561,
 "rsU_start": 723.8463781632548,
 "width_start": 36.04900610779873,
 "rp_end": 692.116555181574,
 "rsU_end": 728.1652331889983,
 "width_end": 36.04867800742425,
 "rho_p": 1.0114453705187716,
 "U_rho_p": 2.0000291249874795,
 "rho_station": 1.0120927314409207,
 "rp_traj_every200": [
  687.797,
  692.001,
  692.007,
  692.013,
  692.019,
  692.025,
  692.031,
  692.037,
  692.043,
  692.05,
  692.056,
  692.062,
  692.068,
  692.074,
  692.08,
  692.086,
  692.092,
  692.098,
  692.104,
  692.11,
  692.117
 ],
 "top_residual_blocks": [
  [
   "C1c f_r(seal)",
   0.0095336234772759,
   0.006217282111303691
  ],
  [
   "seal [rho]",
   0.00465142267900398,
   0.00465142267900398
  ],
  [
   "cell phi-ODE",
   0.004331093773117254,
   0.0025964540522949633
  ]
 ],
 "gates": {
  "H_cell_max": 1.6313429686729233,
  "H_cell_seal": -0.008115432424015578,
  "H_cell_drift": 1.7617774096841254,
  "H_amb_max": 0.0012607441827310328,
  "H_amb_seal": 3.636076505975083e-05,
  "H_amb_drift": 0.002099772593371574,
  "derrick_Sa": 1378.3046250463156,
  "derrick_Sb": -300.3173240902792,
  "matched_derrick_gate": 1723.2883884403557,
  "tax": 44.66643930376082,
  "sigma_cell": {
   "max_rel": 5.866835470522315,
   "n_masked": 11,
   "seal_ma": -5.4217770191309566e-05,
   "seal_geo": 5.147806004414279e-05,
   "scale": 0.006156029419342243
  },
  "sigma_amb": {
   "max_rel": 0.052775670046172396,
   "n_masked": 189,
   "seal_ma": -6.238171621835556e-07,
   "seal_geo": -8.149086752017394e-05,
   "scale": 0.1304944355012196
  },
  "E_ang_core": 0.6656653442600922,
  "E_ang_seal": 2.001292936592308,
  "q_fold": 11.165967553250873,
  "q_seal": 0.2788411286727799,
  "dphi_float": 2.842445305404998,
  "dphi_anchor_gap": -4.161528831317682,
  "r_p": 692.116555181574,
  "r_sU": 728.1652331889983,
  "phi_core": -2.842445305404998,
  "rho_core": 1.9243033383020645,
  "rho_c_floor": 1.025978352085154
 },
 "saved_pt": "E2b_A3Z8_P2c_extended_W5_wall.pt"
}