{
 "tag": "P2c-extended/W5/wall/amp0.8",
 "Phi_end": 0.00013973249706442908,
 "maxF_end": 0.00579855278179578,
 "iters": 4000,
 "stalled": false,
 "wall": 81.78624629974365,
 "rp_end": 642.1652276258247,
 "rsU_end": 673.1837724386075,
 "rp_start": 612.0255479057444,
 "gates": {
  "H_cell_max": 1.9030092694261698,
  "H_cell_seal": 0.0016276534024086686,
  "H_cell_drift": 2.8898427356350735,
  "H_amb_max": 0.00044567207260648445,
  "H_amb_seal": 0.00010806490680437264,
  "H_amb_drift": 0.0007887139636078011,
  "derrick_Sa": 1249.2158499023847,
  "derrick_Sb": -93.26754162543581,
  "matched_derrick_gate": 1339.6519115391993,
  "tax": -2.8314799886212025,
  "sigma_cell": {
   "max_rel": 1.3158029863382639,
   "n_masked": 10,
   "seal_ma": -4.5729132566587125e-05,
   "seal_geo": -0.0060986957656335595,
   "scale": 0.013942140784702737
  },
  "sigma_amb": {
   "max_rel": 0.0019954590212556485,
   "n_masked": 157,
   "seal_ma": -2.610505094043095e-07,
   "seal_geo": 6.998915582568458e-06,
   "scale": 0.6574864184795913
  },
  "E_ang_core": 0.3060493165661904,
  "E_ang_seal": 2.0010370302099103,
  "q_fold": 1.4810049822968339,
  "q_seal": 0.03618326231522245,
  "dphi_float": 5.168509728166554,
  "dphi_anchor_gap": -1.8354644085561258,
  "r_p": 642.1652276258247,
  "r_sU": 673.1837724386075,
  "phi_core": -5.168509728166554,
  "rho_core": 3.289511108340761,
  "rho_c_floor": 1.025978352085154
 },
 "top_residual_blocks": [
  [
   "C1c f_r(seal)",
   0.009408527347447643,
   0.00579855278179578
  ],
  [
   "cell rho-ODE",
   0.00544207984476247,
   0.005353406236720357
  ],
  [
   "seal [rho]",
   0.003838775881365386,
   0.003838775881365386
  ]
 ]
}