{
 "tag": "P2c-extended/W5/wall",
 "Phi_end": 0.00018313377872820948,
 "maxF_end": 0.006872895755446595,
 "iters": 35,
 "ncap": 69,
 "stalled": true,
 "wall": 1.1052131652832031,
 "rp_start": 857.4129346382439,
 "rsU_start": 896.6365987992359,
 "width_start": 39.22366416099203,
 "rp_end": 3524.423133615429,
 "rsU_end": 3558.7409577290805,
 "width_end": 34.317824113651724,
 "rho_p": 1.01053940369876,
 "U_rho_p": 1.9997116954295824,
 "rho_station": 1.0036152090355221,
 "rho_seed_height": 1.0037706011539596,
 "dev_from_seed_height": 0.006768802544800501,
 "dev_from_station": 0.006924194663237904,
 "rp_traj_every200": [
  857.413
 ],
 "top_residual_blocks": [
  [
   "C1b",
   0.006872895755446595,
   0.006872895755446595
  ],
  [
   "seal [rho]",
   0.0065641046913285095,
   0.0065641046913285095
  ],
  [
   "core rho'",
   0.005146300623939112,
   0.005146300623939112
  ]
 ],
 "gates": {
  "H_cell_max": 3.308554079044641,
  "H_cell_seal": -3.308554079044641,
  "H_cell_drift": 2.655092063599673,
  "H_amb_max": 0.0021735689664650337,
  "H_amb_seal": 0.0001418549102290001,
  "H_amb_drift": 0.002128512291596829,
  "derrick_Sa": 6603.421976763485,
  "derrick_Sb": -1252.9655617507865,
  "matched_derrick_gate": 6899.966529500764,
  "tax": -956.4210090135064,
  "sigma_cell": {
   "max_rel": 0.8929128053802395,
   "n_masked": 11,
   "seal_ma": -2.760551986373885e-05,
   "seal_geo": 0.0003612229490479889,
   "scale": 0.023623568088369302
  },
  "sigma_amb": {
   "max_rel": 1.0340449569847654,
   "n_masked": 148,
   "seal_ma": -5.143986786008939e-07,
   "seal_geo": 0.0010478430651900891,
   "scale": 0.3352286210315364
  },
  "E_ang_core": 1.104175282870352,
  "E_ang_seal": 1.9998310450340504,
  "q_fold": 1.0748158808684745,
  "q_seal": 0.06893138536417043,
  "dphi_float": 1.3375442545281526,
  "dphi_anchor_gap": -5.666429882194527,
  "r_p": 3524.423133615429,
  "r_sU": 3558.7409577290805,
  "phi_core": -1.3375442545281526,
  "rho_core": 1.429495849835175,
  "rho_c_floor": 1.025978352085154
 },
 "saved_pt": "E2b_A3Z1_P2c_extended_W5_wall.pt"
}