{
 "tag": "P2b-wideguard-CONT/W4/wall/amp0.8",
 "Phi_end": 3.304716089196302e-05,
 "maxF_end": 0.0030417847273020234,
 "iters": 6000,
 "ncap": 0,
 "stalled": false,
 "wall": 122.11234736442566,
 "rp_start": 4619.479124206395,
 "rp_end": 4654.356041255619,
 "rsU_end": 4693.575454441757,
 "rho_p": 1.0037547918816936,
 "U_rho_p": 1.9999979152012142,
 "dev_from_seed_height": -1.580927226596529e-05,
 "rp_traj_every200": [
  4619.48,
  4637.86,
  4638.43,
  4639.0,
  4639.57,
  4640.14,
  4640.71,
  4641.28,
  4641.84,
  4642.41,
  4642.99,
  4643.56,
  4644.12,
  4644.7,
  4645.27,
  4645.84,
  4646.41,
  4646.97,
  4647.54,
  4648.11,
  4648.68,
  4649.25,
  4649.82,
  4650.38,
  4650.95,
  4651.52,
  4652.09,
  4652.66,
  4653.22,
  4653.79,
  4654.36
 ],
 "gates": {
  "H_cell_max": 1.9864444103421948,
  "H_cell_seal": -1.7416351193455526e-05,
  "H_cell_drift": 1.9864269939910013,
  "H_amb_max": 2.2099990420354487e-05,
  "H_amb_seal": -1.2900826157791201e-05,
  "H_amb_drift": 3.502469236194017e-05,
  "derrick_Sa": 7300.254427496768,
  "derrick_Sb": -167.6579991276365,
  "matched_derrick_gate": 7475.889359474147,
  "tax": 7.976932849742229,
  "sigma_cell": {
   "max_rel": 0.41625921053514897,
   "n_masked": 10,
   "seal_ma": -3.2658072625995e-05,
   "seal_geo": 1.594937882585413e-05,
   "scale": 0.0007629554066644245
  },
  "sigma_amb": {
   "max_rel": 0.0009547739896972662,
   "n_masked": 163,
   "seal_ma": -2.0063689739232392e-07,
   "seal_geo": 1.3781395186239725e-06,
   "scale": 0.33510255610911516
  },
  "E_ang_core": 0.51001904221109,
  "E_ang_seal": 1.999981148757523,
  "q_fold": 1.0717637410356593,
  "q_seal": 0.028907300360777904,
  "dphi_float": 3.0155999723366254,
  "dphi_anchor_gap": -3.9883741643860544,
  "r_p": 4654.356041255619,
  "r_sU": 4693.575454441757,
  "phi_core": -3.0155999723366254,
  "rho_core": 9.459617506727783,
  "rho_c_floor": 0.5773502691896257
 }
}