{
  "MODE": "SMOKE",
  "source_status": {
    "frozen_npz": "/home/udt-admin/udt_mass_codex/h4_scripts/stress_profiles.npz",
    "hopfion_npz": "/home/udt-admin/udt_mass_codex/hopfion_arc_scripts_2026-07-05/prod_an256.npz",
    "found": true,
    "keys": [
      "rc",
      "tau0",
      "sh0",
      "Trr0",
      "tau2",
      "sh2"
    ],
    "hopfion": {
      "exists": true,
      "Q": 0.9916887894742381,
      "E": 286.51626685146164,
      "E2": 143.21939576768284,
      "E4": 143.2968710837788,
      "Ngrid": 256,
      "xi": 1.0,
      "kappa": 1.0,
      "is_h3_hopfion": true
    },
    "source_rc_range": [
      0.046875,
      5.953125
    ],
    "sh2_range": [
      -3.318965323480435,
      12.45524491550169
    ],
    "n_source_pts": 64
  },
  "result": {
    "sealbc": "S-Dir",
    "Nr": 8,
    "Nth": 8,
    "lmax": 2,
    "maxit": 2,
    "budget_s": 100.0,
    "a2_seed": 0.001,
    "a2_mirror": 0.0,
    "continuation_amps": [
      0.1
    ],
    "seed_L0": 1.0,
    "wall_s": 0.39,
    "throughput_limited": false,
    "continuation_steps": [
      {
        "amp": 0.1,
        "Phi_start": 4.611007972717291,
        "Phi_final": 0.9171032162462536,
        "iters": 2,
        "decreased": true,
        "wall_s": 0.39
      }
    ],
    "final_amplitude_reached": 0.1,
    "reached_target": true,
    "final_Phi": 0.9171032162462536,
    "converged": false,
    "closed_cell_exists": false,
    "diagnostics": {
      "q_raw": 0.02438422059998326,
      "Pi_phi": 0.19507376479986607,
      "sign_convention": -1.0,
      "M_readout": -0.02438422059998326,
      "H_seal": -0.07525069961993625,
      "H_drift_maxmin": 0.04951994256121928,
      "derrick_Sa": 1.2783114895423253,
      "derrick_Sb": -1.2123368673448705,
      "derrick_residual": 2.4906483568871955,
      "jac_cond": 108571.17390422027,
      "jac_smin": 0.005932001438848571,
      "jac_shape": [
        89,
        89
      ],
      "phi_node_count": 0,
      "reduced_source_turning_points": 1,
      "reduced_source_sign_changes": 0,
      "shear_core_bc_residual": 0.04854336799093703,
      "shear_seal_bc_residual": -0.014060751868553253,
      "a2_seal": -0.014060751868553253,
      "a2_peak_abs": 0.02805885262189836
    },
    "premise_ledger": {
      "xi": "FREE (probed family)",
      "kappa": "FREE-units",
      "Z_phi": "CHOSE=8 (Route-A carrying Route-B number)",
      "source": "FROZEN H3-hopfion ell=2 sh2(r) (ledgered)",
      "source_registration": "CHOSE: sampled at seed length L0, clamped outside support",
      "shear_seal_BC": "CHOSE-provisional (S-Dir); BOTH run, dependence reported",
      "ell": "SCOPED: ell=2-only pilot (higher-ell = flagged blind-spot)",
      "a2_mirror": "CHOSE=0 (round mirror value for S-Dir)"
    },
    "scope_stamp": "static, Branch P, block-diagonal, ell=2 axisymmetric shear, FROZEN source, whole cosmic cell -- a continuum here is B for THIS TILE only; a pin is an A-CANDIDATE (needs higher-ell + co-relaxed source + shear-BC-fork survival)."
  }
}