{
  "Nr12_a2e-2": {
    "Nr": 12,
    "Nth": 8,
    "a2_amp": 0.01,
    "status": "incomplete(Phi=1.19e-02)",
    "iters": 30,
    "wall": 0.2,
    "Phi0": 7.724006802374122,
    "Phi1": 0.011881915650727128,
    "hist": [
      7.724006802374122,
      3.2277903243410506,
      2.4305262081581005,
      2.1894803616245246,
      1.925200786478519,
      1.4955987514910087,
      0.6795167702764406,
      0.17645538710816833,
      0.15557284039563732,
      0.150446633780342,
      0.1402560196932974,
      0.12366012930765974,
      0.11397242809747432,
      0.10855403275687527,
      0.10712793581885287,
      0.10393750688554737,
      0.0960310795937526,
      0.07914995749107122,
      0.07222970758250027,
      0.03753685168518989,
      0.03574530696717351,
      0.024064754493835334,
      0.023110968589460934,
      0.02170795521472417,
      0.020250728807361985,
      0.016644454122662217,
      0.016122588845993498,
      0.015343236386899838,
      0.014192251792077639,
      0.01232762730670045,
      0.011881915650727128
    ],
    "cond_raw_before": 204979602.63933334,
    "cond_equil_before": 33251746.73490767,
    "cond_raw_after": 2812740192.544696,
    "cond_equil_after": 1765308545.4097645,
    "finiteJ": true,
    "nn_raw_smin": 8.934247817811784e-05,
    "nn_raw_dom": "phi",
    "nn_equil_smin": 1.2811249676144227e-09,
    "nn_equil_dom": "phi",
    "nn_equil_blocks": {
      "phi": 1.0,
      "rho": 0.0,
      "uf": 0.0,
      "a2": 0.0,
      "L": 0.0
    },
    "L": 0.1434226211011375,
    "rho_c": 0.7092546567336101,
    "rho_s": 0.7092459811015797,
    "phi_c": -0.0026326621994524338,
    "phi_s": -0.0026335701673390974,
    "a2_c": 0.00024108074005624024,
    "a2_s": 0.00024726013875841656,
    "Hdrift": 0.00010750563797512491,
    "Hseal": -0.011139170070795013,
    "collapsed": false,
    "readouts": {
      "q_raw": 0.00018424593261463258,
      "Pi_phi": 0.0014739674609170607,
      "sign_convention": -1.0,
      "M_readout": -0.00018424593261463258
    },
    "row_budget": {
      "phi_ode_int": 0.00036158223071670284,
      "phi_mirror": 7.406916294145636e-05,
      "rho_ode_int": 0.03787646730851717,
      "rho_mirror": 0.06911719792910671,
      "f_pde_int": 0.0064778532698947225,
      "fr_mirror": 0.07418800667057895,
      "Hseal": 0.011139170070795013,
      "shear_ode": 1.6026753516000517e-05,
      "shear_core_bc": 1.3281298204808181e-05,
      "shear_seal_bc": 0.00024726013875841656
    }
  },
  "Nr12_a2e-2b": {
    "Nr": 12,
    "Nth": 8,
    "a2_amp": 0.03,
    "status": "incomplete(Phi=1.33e-02)",
    "iters": 30,
    "wall": 0.2,
    "Phi0": 7.781883275854653,
    "Phi1": 0.013281420488620896,
    "hist": [
      7.781883275854653,
      3.2308658240228745,
      2.4299423979090635,
      2.188501849543285,
      1.9247524423825513,
      1.4970417097285225,
      0.687188603044217,
      0.18280107322168476,
      0.1612033089981999,
      0.15616356321865832,
      0.14685556888611875,
      0.13183566848808426,
      0.12190737266970314,
      0.11667154695553136,
      0.1126667218940911,
      0.10556354399647247,
      0.09476265343565662,
      0.07679624728770211,
      0.07604841860747016,
      0.03893552504090719,
      0.03482128258877941,
      0.02751208587638873,
      0.02635448193611844,
      0.024850385179399928,
      0.0228350034883253,
      0.018904703795530393,
      0.01825154188491681,
      0.017359215774604305,
      0.01596575565513022,
      0.01373629661672724,
      0.013281420488620896
    ],
    "cond_raw_before": 24066981.829919938,
    "cond_equil_before": 3875916.6418270846,
    "cond_raw_after": 2224288623.116331,
    "cond_equil_after": 1395733835.0371099,
    "finiteJ": true,
    "nn_raw_smin": 0.00010241931636915747,
    "nn_raw_dom": "phi",
    "nn_equil_smin": 1.6203911740166245e-09,
    "nn_equil_dom": "phi",
    "nn_equil_blocks": {
      "phi": 1.0,
      "rho": 0.0,
      "uf": 0.0,
      "a2": 0.0,
      "L": 0.0
    },
    "L": 0.15062202923374474,
    "rho_c": 0.7092676653911721,
    "rho_s": 0.7092573313295488,
    "phi_c": -0.0026495598418828296,
    "phi_s": -0.0026495193708633734,
    "a2_c": 0.0010277127678952496,
    "a2_s": 0.0010181644287405743,
    "Hdrift": 0.0001280773347723807,
    "Hseal": -0.01164915561591684,
    "collapsed": false,
    "readouts": {
      "q_raw": 0.00024002822383922102,
      "Pi_phi": 0.0019202257907137681,
      "sign_convention": -1.0,
      "M_readout": -0.00024002822383922102
    },
    "row_budget": {
      "phi_ode_int": 0.00044693130574787246,
      "phi_mirror": 8.374866107391121e-05,
      "rho_ode_int": 0.04192076728843466,
      "rho_mirror": 0.07240875771665733,
      "f_pde_int": 0.007703827370895402,
      "fr_mirror": 0.07800473470165334,
      "Hseal": 0.01164915561591684,
      "shear_ode": 2.1522170053844428e-05,
      "shear_core_bc": 8.522008242280011e-05,
      "shear_seal_bc": 0.0010181644287405743
    }
  },
  "Nr16_a2e-2": {
    "Nr": 16,
    "Nth": 8,
    "a2_amp": 0.01,
    "status": "incomplete(Phi=1.12e-02)",
    "iters": 30,
    "wall": 0.3,
    "Phi0": 10.875072693810347,
    "Phi1": 0.011156830686184279,
    "hist": [
      10.875072693810347,
      5.630407953581952,
      3.98775831707144,
      2.0139138595762733,
      0.30375088968528774,
      0.14761895522200646,
      0.13169374484734642,
      0.1268317473689809,
      0.12237503098223795,
      0.11488916348133976,
      0.11011205175690712,
      0.10804024574537509,
      0.10728865859474716,
      0.10548383242038176,
      0.10101452818942526,
      0.09079645267702245,
      0.07303479033706378,
      0.053033302117540225,
      0.043962789844061226,
      0.029167972560124728,
      0.027269035459280118,
      0.023161317894321194,
      0.022965592866725698,
      0.016801614784421572,
      0.01640536367983836,
      0.015762028100349743,
      0.014958889518988203,
      0.013571145375947564,
      0.013193848163136457,
      0.011314678620148552,
      0.011156830686184279
    ],
    "cond_raw_before": 685375113.9820081,
    "cond_equil_before": 119894249.6731214,
    "cond_raw_after": 9922751929.584976,
    "cond_equil_after": 5854203099.650962,
    "finiteJ": true,
    "nn_raw_smin": 8.401351057409793e-05,
    "nn_raw_dom": "phi",
    "nn_equil_smin": 4.1704269038529435e-10,
    "nn_equil_dom": "phi",
    "nn_equil_blocks": {
      "phi": 1.0,
      "rho": 0.0,
      "uf": 0.0,
      "a2": 0.0,
      "L": 0.0
    },
    "L": 0.14487182430478213,
    "rho_c": 0.7089987129444377,
    "rho_s": 0.7089916655693197,
    "phi_c": -0.002488197999534182,
    "phi_s": -0.002488850093570079,
    "a2_c": 0.00021894900801353658,
    "a2_s": 0.00022605162271904298,
    "Hdrift": 5.415691009147405e-05,
    "Hseal": -0.010663296863336225,
    "collapsed": false,
    "readouts": {
      "q_raw": 0.0002180668101689224,
      "Pi_phi": 0.0017445344813513792,
      "sign_convention": -1.0,
      "M_readout": -0.0002180668101689224
    },
    "row_budget": {
      "phi_ode_int": 0.00013375051943021753,
      "phi_mirror": 8.314259764253244e-05,
      "rho_ode_int": 0.016045375348993376,
      "rho_mirror": 0.07068581684295708,
      "f_pde_int": 0.0019287564594561283,
      "fr_mirror": 0.07606175017328437,
      "Hseal": 0.010663296863336225,
      "shear_ode": 7.3612699167233296e-06,
      "shear_core_bc": 1.0817672864046817e-05,
      "shear_seal_bc": 0.00022605162271904298
    }
  },
  "trajectory_Nr12": [
    {
      "tag": "seed",
      "Phi": 7.724006802374122,
      "L": 1.0,
      "Hseal": 0.0005164486614013253,
      "cond_eq": 33251746.73490767,
      "fr_mir": 1.1761147065625773e-10,
      "rho_mir": 5.329070518200751e-15
    },
    {
      "tag": "it~30",
      "Phi": 0.011881915650861587,
      "L": 0.14342262109662526,
      "Hseal": -0.011139170070455395,
      "cond_eq": 1765308709.8762646,
      "fr_mir": 0.07418800666816838,
      "rho_mir": 0.06911719792649958
    },
    {
      "tag": "it~60",