{
 "dispatch": "V2+V3 boundary-virial (2026-07-16)",
 "conventions": {
  "generator_derivative": "eight-orientation-averaged one-sided (matches production densities)",
  "projection": "tangential (v-(v.n)n) then free mask (zero outer HBW=2 layers)",
  "surface_quadrature": "site-plane faces at the outermost enclosed layer, h^2 weights; sensitivity = coordinate face at half-cell out (x_f = x_layer + h/2)",
  "sign": "V(a) = B(a) + W_res(a) per the DERIVED identity (see derivation record)"
 },
 "grids": {
  "128": {
   "N": 128,
   "L": 6.0,
   "h": 0.09448818897637795,
   "V2": {
    "E2": 128.83293295151816,
    "E4": 142.9981431429129,
    "lambda_sweep": {
     "0.0002": {
      "1.000200": {
       "E_recomputed": 271.82824877117474,
       "E_analytic": 271.82824877117474,
       "rel": 0.0
      },
      "0.999800": {
       "E_recomputed": 271.8339148575392,
       "E_analytic": 271.8339148575393,
       "rel": 4.1822168430012193e-16
      },
      "dE_dlnlam_FD": -14.165215911106088,
      "E2_minus_E4": -14.165210191394749,
      "dE_rel_err": 4.037858430579142e-07
     },
     "0.0001": {
      "1.000100": {
       "E_recomputed": 271.8296610032503,
       "E_analytic": 271.8296610032504,
       "rel": 4.1822822903883404e-16
      },
      "0.999900": {
       "E_recomputed": 271.83249404557466,
       "E_analytic": 271.83249404557466,
       "rel": 0.0
      },
      "dE_dlnlam_FD": -14.16521162184381,
      "E2_minus_E4": -14.165210191394749,
      "dE_rel_err": 1.0098325695191251e-07
     },
     "5e-05": {
      "1.000050": {
       "E_recomputed": 271.830368191399,
       "E_analytic": 271.830368191399,
       "rel": 0.0
      },
      "0.999950": {
       "E_recomputed": 271.83178471245384,
       "E_analytic": 271.8317847124539,
       "rel": 2.0911248079740746e-16
      },
      "dE_dlnlam_FD": -14.165210548640061,
      "E2_minus_E4": -14.165210191394749,
      "dE_rel_err": 2.5219909031807673e-08
     }
    },
    "exactness_gate_1e9": true,
    "worst_rel": 4.1822822903883404e-16,
    "int_S_dV": 14.165210191394738,
    "E4_minus_E2": 14.165210191394749,
    "twoE4_minus_Esum": 14.165210191394749,
    "equality_roundoff": {
     "intS_vs_E4mE2": 1.0658141036401503e-14,
     "E4mE2_vs_2E4mEsum": 0.0
    },
    "residual_work_W": -1.0767801357332958,
    "cauchy_bound": 1.169151048874032,
    "W_over_gap": -0.07601582476957744
   },
   "V3_localization": {
    "cubes": {
     "1": {
      "E2_frac": 0.31323308908798003,
      "E4_frac": 0.6832431391368982
     },
     "1.5": {
      "E2_frac": 0.567764409330482,
      "E4_frac": 0.9084344173687701
     },
     "2": {
      "E2_frac": 0.7539008518884949,
      "E4_frac": 0.9793658964203128
     },
     "2.5": {
      "E2_frac": 0.8629153674165398,
      "E4_frac": 0.9959099005856772
     },
     "2.95": {
      "E2_frac": 0.9211825242144414,
      "E4_frac": 0.9991725059910616
     }
    },
    "spheres": {
     "0.5": {
      "E2_frac": 0.032571924801465424,
      "E4_frac": 0.1127571632541414
     },
     "1": {
      "E2_frac": 0.18831385733578193,
      "E4_frac": 0.496326914861586
     },
     "1.5": {
      "E2_frac": 0.4198191967345521,
      "E4_frac": 0.8111371411003931
     },
     "2": {
      "E2_frac": 0.6334710837768449,
      "E4_frac": 0.9487437396503704
     },
     "2.5": {
      "E2_frac": 0.7849118076850459,
      "E4_frac": 0.9890360834438159
     },
     "2.95": {
      "E2_frac": 0.8674828213859332,
      "E4_frac": 0.9973898722837675
     }
    }
   },
   "V3_surface": {
    "1": {
     "index_halfwidth": 11,
     "V": 57.34776264704268,
     "W_res": -0.037097780865841826,
     "B_siteplane": 53.17664879195149,
     "B_halfcell": 54.72905582757873,
     "closure_err_site": 4.208211635957027,
     "closure_err_half": 2.655804600329787,
     "closure_rel_site": 0.07338057217431894,
     "closure_rel_half": 0.046310518104697884
    },
    "1.5": {
     "index_halfwidth": 16,
     "V": 56.75768077131576,
     "W_res": -0.15019192070684312,
     "B_siteplane": 51.37194539849443,
     "B_halfcell": 52.08384000085667,
     "closure_err_site": 5.5359272935281725,
     "closure_err_half": 4.824032691165937,
     "closure_rel_site": 0.0975361786862497,
     "closure_rel_half": 0.0849934779858713
    },
    "2": {
     "index_halfwidth": 21,
     "V": 42.92024674215624,
     "W_res": -0.3157030386328678,
     "B_siteplane": 36.56839513806867,
     "B_halfcell": 36.875095674172805,
     "closure_err_site": 6.667554642720439,
     "closure_err_half": 6.3608541066163005,
     "closure_rel_site": 0.15534753755671146,
     "closure_rel_half": 0.14820171339715701
    },
    "2.5": {
     "index_halfwidth": 26,
     "V": 31.241348848185098,
     "W_res": -0.5054821508642848,
     "B_siteplane": 24.230425140684105,
     "B_halfcell": 24.38983977706683,
     "closure_err_site": 7.516405858365278,
     "closure_err_half": 7.356991221982554,
     "closure_rel_site": 0.24059159208812228,
     "closure_rel_half": 0.2354889111137064
    },
    "2.95": {
     "index_halfwidth": 31,
     "V": 24.201166657943435,
     "W_res": -0.6748216304628464,
     "B_siteplane": 16.82771677983533,
     "B_halfcell": 16.92919370643061,
     "closure_err_site": 8.04827150857095,
     "closure_err_half": 7.946794581975672,
     "closure_rel_site": 0.33255717058290263,
     "closure_rel_half": 0.3283641112965656
    }
   }
  },
  "192": {
   "N": 192,
   "L": 6.0,
   "h": 0.06282722513089005,
   "V2": {
    "E2": 132.1178527727898,
    "E4": 142.0627440420238,
    "lambda_sweep": {
     "0.0002": {
      "1.000200": {
       "E_recomputed": 274.17861351793323,
       "E_analytic": 274.1786135179333,
       "rel": 2.0732258483424725e-16
      },
      "0.999800": {
       "E_recomputed": 274.1825914767139,
       "E_analytic": 274.1825914767139,
       "rel": 0.0
      },
      "dE_dlnlam_FD": -9.944896951736837,
      "E2_minus_E4": -9.944891269234006,
      "dE_rel_err": 5.713991915155536e-07
     },
     "0.0001": {
      "1.000100": {
       "E_recomputed": 274.179603746172,
       "E_analytic": 274.17960374617206,
       "rel": 2.0732183606710617e-16
      },
      "0.999900": {
       "E_recomputed": 274.1815927247101,
       "E_analytic": 274.1815927247101,
       "rel": 0.0
      },
      "dE_dlnlam_FD": -9.944892690327833,
      "E2_minus_E4": -9.944891269234006,
      "dE_rel_err": 1.4289686925981154e-07
     },
     "5e-05": {
      "1.000050": {
       "E_recomputed": 274.1800999253893,
       "E_analytic": 274.18009992538924,
       "rel": 2.0732146088018942e-16
      },
      "0.999950": {
       "E_recomputed": 274.1810944145517,
       "E_analytic": 274.1810944145517,
       "rel": 0.0
      },
      "dE_dlnlam_FD": -9.944891623945296,
      "E2_minus_E4": -9.944891269234006,
      "dE_rel_err": 3.566768907482845e-08
     }
    },
    "exactness_gate_1e9": true,
    "worst_rel": 2.0732258483424725e-16,
    "int_S_dV": 9.944891269233969,
    "E4_minus_E2": 9.944891269234006,
    "twoE4_minus_Esum": 9.944891269234006,
    "equality_roundoff": {
     "intS_vs_E4mE2": 3.730349362740526e-14,
     "E4mE2_vs_2E4mEsum": 0.0
    },
    "residual_work_W": -0.4706103606948058,
    "cauchy_bound": 0.5068835669390779,
    "W_over_gap": -0.047321820616652556
   },
   "V3_localization": {
    "cubes": {
     "1": {
      "E2_frac": 0.28061115896932365,
      "E4_frac": 0.6369566774051052
     },
     "1.5": {
      "E2_frac": 0.5507313408581092,
      "E4_frac": 0.897254011613858
     },
     "2": {
      "E2_frac": 0.7506927117642618,
      "E4_frac": 0.9781997129831057
     },
     "2.5": {
      "E2_frac": 0.8654339251277551,
      "E4_frac": 0.9960230420818216
     },
     "2.95": {
      "E2_frac": 0.9193617636737134,
      "E4_frac": 0.9990906208940444
     }
    },
    "spheres": {
     "0.5": {
      "E2_frac": 0.030871353904455376,
      "E4_frac": 0.10687188634935973
     },
     "1": {
      "E2_frac": 0.18018338191942687,
      "E4_frac": 0.4788521087832266
     },