{
 "L6.00_N128_hc": {
  "N": 128,
  "L": 6.0,
  "h": 0.09448818897637795,
  "E2": 128.83293295151816,
  "E4": 142.9981431429129,
  "E": 271.83107609443107,
  "gap": 14.165210191394749,
  "delta_vir": -0.05211034144776704,
  "Q_fwd": -0.9672850964767774,
  "Q_sym": -0.965999662654045,
  "crit_Minv": 0.04113679141380126,
  "theta_max": 0.2816191198467393,
  "localization": {
   "cubes": {
    "1": {
     "E2_frac": 0.31323308908798003,
     "E4_frac": 0.6832431391368982
    },
    "1.5": {
     "E2_frac": 0.567764409330482,
     "E4_frac": 0.9084344173687701
    },
    "2": {
     "E2_frac": 0.7539008518884949,
     "E4_frac": 0.9793658964203128
    },
    "2.5": {
     "E2_frac": 0.8629153674165398,
     "E4_frac": 0.9959099005856772
    },
    "2.95": {
     "E2_frac": 0.9211825242144414,
     "E4_frac": 0.9991725059910616
    }
   },
   "spheres": {
    "0.5": {
     "E2_frac": 0.032571924801465424,
     "E4_frac": 0.1127571632541414
    },
    "1": {
     "E2_frac": 0.18831385733578193,
     "E4_frac": 0.496326914861586
    },
    "1.5": {
     "E2_frac": 0.4198191967345521,
     "E4_frac": 0.8111371411003931
    },
    "2": {
     "E2_frac": 0.6334710837768449,
     "E4_frac": 0.9487437396503704
    },
    "2.5": {
     "E2_frac": 0.7849118076850459,
     "E4_frac": 0.9890360834438159
    },
    "2.95": {
     "E2_frac": 0.8674828213859332,
     "E4_frac": 0.9973898722837675
    }
   }
  }
 },
 "L7.51_N160_hc": {
  "N": 160,
  "L": 7.511811023622047,
  "h": 0.09448818897637795,
  "E2": 129.45132831164187,
  "E4": 141.33855064165775,
  "E": 270.78987895329965,
  "gap": 11.887222330015874,
  "delta_vir": -0.04389832580140834,
  "Q_fwd": -0.9679073110556554,
  "Q_sym": -0.9666479175050497,
  "crit_Minv": 0.012324246956911202,
  "theta_max": 0.2792609397728947,
  "localization": {
   "cubes": {
    "1": {
     "E2_frac": 0.3089013382348096,
     "E4_frac": 0.6777268087963619
    },
    "1.5": {
     "E2_frac": 0.5622414482252377,
     "E4_frac": 0.905473648414918
    },
    "2": {
     "E2_frac": 0.7486786537422863,
     "E4_frac": 0.9782590687643159
    },
    "2.5": {
     "E2_frac": 0.8585065446874,
     "E4_frac": 0.995562174311892
    },
    "2.95": {
     "E2_frac": 0.9173983483302698,
     "E4_frac": 0.9990643296091338
    }
   },
   "spheres": {
    "0.5": {
     "E2_frac": 0.031913616931052234,
     "E4_frac": 0.11065581500155548
    },
    "1": {
     "E2_frac": 0.18519349811790434,
     "E4_frac": 0.4904203377207302
    },
    "1.5": {
     "E2_frac": 0.4146619042291906,
     "E4_frac": 0.8064636541233036
    },
    "2": {
     "E2_frac": 0.6276877656796903,
     "E4_frac": 0.9464532483687719
    },
    "2.5": {
     "E2_frac": 0.779533358744229,
     "E4_frac": 0.9881981186468479
    },
    "2.95": {
     "E2_frac": 0.8627924717270741,
     "E4_frac": 0.9970857653640484
    }
   }
  }
 },
 "L9.02_N192_hc": {
  "N": 192,
  "L": 9.023622047244094,
  "h": 0.09448818897637795,
  "E2": 130.0379185607939,
  "E4": 140.29089108711267,
  "E": 270.3288096479066,
  "gap": 10.252972526318757,
  "delta_vir": -0.03792778335269881,
  "Q_fwd": -0.9683159139493043,
  "Q_sym": -0.9670733206229701,
  "crit_Minv": 0.019908605741627897,
  "theta_max": 0.27769188064007727,
  "localization": {
   "cubes": {
    "1": {
     "E2_frac": 0.3056545304623865,
     "E4_frac": 0.6738880323213464
    },
    "1.5": {
     "E2_frac": 0.5579174822580758,
     "E4_frac": 0.9033436062553832
    },
    "2": {
     "E2_frac": 0.7444808097137112,
     "E4_frac": 0.9774504429450279
    },
    "2.5": {
     "E2_frac": 0.8549697080144739,
     "E4_frac": 0.9953081505709396
    },
    "2.95": {
     "E2_frac": 0.9145031083253002,
     "E4_frac": 0.9989867287048377
    }
   },
   "spheres": {
    "0.5": {
     "E2_frac": 0.03144184131835945,
     "E4_frac": 0.10924512742781683
    },
    "1": {
     "E2_frac": 0.18290953500959933,
     "E4_frac": 0.48638326386174735
    },
    "1.5": {
     "E2_frac": 0.41073733363620063,
     "E4_frac": 0.8031671874515294
    },
    "2": {
     "E2_frac": 0.6231512030472369,
     "E4_frac": 0.9448136206352382
    },
    "2.5": {
     "E2_frac": 0.7752663106333698,
     "E4_frac": 0.9876001785120444
    },
    "2.95": {
     "E2_frac": 0.8591188268096077,
     "E4_frac": 0.996872195519048
    }
   }
  }
 },
 "L6.00_N192_hf": {
  "N": 192,
  "L": 6.0,
  "h": 0.06282722513089005,
  "E2": 132.1178527727898,
  "E4": 142.0627440420238,
  "E": 274.1805968148136,
  "gap": 9.944891269234006,
  "delta_vir": -0.03627131673344106,
  "Q_fwd": -0.9861777748564944,
  "Q_sym": -0.9856202488721,
  "crit_Minv": 0.017287836018386283,
  "theta_max": 0.18201063691673508,
  "localization": {
   "cubes": {
    "1": {
     "E2_frac": 0.28061115896932365,
     "E4_frac": 0.6369566774051052
    },
    "1.5": {
     "E2_frac": 0.5507313408581092,
     "E4_frac": 0.897254011613858
    },
    "2": {
     "E2_frac": 0.7506927117642618,
     "E4_frac": 0.9781997129831057
    },
    "2.5": {
     "E2_frac": 0.8654339251277551,
     "E4_frac": 0.9960230420818216
    },
    "2.95": {
     "E2_frac": 0.9193617636737134,
     "E4_frac": 0.9990906208940444
    }
   },
   "spheres": {
    "0.5": {
     "E2_frac": 0.030871353904455376,
     "E4_frac": 0.10687188634935973
    },
    "1": {
     "E2_frac": 0.18018338191942687,
     "E4_frac": 0.4788521087832266
    },
    "1.5": {
     "E2_frac": 0.4058141471811357,
     "E4_frac": 0.7961726479649357
    },
    "2": {
     "E2_frac": 0.6190846636968164,
     "E4_frac": 0.9420756400075972
    },
    "2.5": {
     "E2_frac": 0.7747150923020807,
     "E4_frac": 0.9872516392346181
    },
    "2.95": {
     "E2_frac": 0.860786686255335,
     "E4_frac": 0.9969228866222819
    }
   }
  }
 },
 "L7.51_N240_hf": {
  "N": 240,
  "L": 7.507853403141361,
  "h": 0.06282722513089005,
  "E2": 133.0404992423967,
  "E4": 140.03227329915296,
  "E": 273.0727725415496,
  "gap": 6.99177405675627,
  "delta_vir": -0.025604068804378623,
  "Q_fwd": -0.9864975660734127,
  "Q_sym": -0.9859541017296639,
  "crit_Minv": 0.010363844884429683,
  "theta_max": 0.1801908660366361,
  "localization": {
   "cubes": {
    "1": {
     "E2_frac": 0.2753408732830515,
     "E4_frac": 0.629949764683437
    },
    "1.5": {
     "E2_frac": 0.5433006452523944,
     "E4_frac": 0.8932374683176346
    },
    "2": {
     "E2_frac": 0.7434151966380774,
     "E4_frac": 0.9767159944361886
    },
    "2.5": {
     "E2_frac": 0.8592923331279639,
     "E4_frac": 0.9955804366187507
    },
    "2.95": {
     "E2_frac": 0.9141216193597461,
     "E4_frac": 0.998941193326627
    }
   },
   "spheres": {
    "0.5": {
     "E2_frac": 0.03008667968208839,
     "E4_frac": 0.10446864573430545
    },
    "1": {
     "E2_frac": 0.17632085310227047,
     "E4_frac": 0.4717422607420747
    },
    "1.5": {
     "E2_frac": 0.3990976148859081,
     "E4_frac": 0.7901313282600717
    },
    "2": {
     "E2_frac": 0.6112253610712347,
     "E4_frac": 0.9389325795883675
    },
    "2.5": {
     "E2_frac": 0.7671832699294691,
     "E4_frac": 0.9860570073776556
    },
    "2.95": {
     "E2_frac": 0.8541758654339484,
     "E4_frac": 0.9964852615617122
    }
   }
  }
 }
}