{
 "128": {
  "ortho_err": 2.220446049250313e-16,
  "u1_leak": 1.8769708010069053e-15,
  "eta_Z": 2.2961353759532564e-08,
  "asymmetry": 2.7858761552241774e-09,
  "S_eigs_phys": [
   0.0023843953125032773,
   0.005101162396664754,
   0.0051024890821250385,
   0.0056683394834744685,
   0.005670154712376186,
   2.735715592913859
  ],
  "S": [
   [
    4.7461787769571985e-06,
    7.665728816792796e-10,
    -3.997974000186631e-08,
    -1.2543698114892946e-07,
    3.7617402383892814e-10,
    -8.065538213714571e-11
   ],
   [
    7.665520651046721e-10,
    4.747937125100339e-06,
    -1.158677675721266e-08,
    3.7418572474214124e-10,
    -1.245771752835294e-07,
    8.173990289117572e-10
   ],
   [
    -3.99798748250153e-08,
    -1.1586835428134216e-08,
    2.0122524108561226e-06,
    -1.6116501180357218e-08,
    -4.6532013687132185e-09,
    -1.61403405343409e-07
   ],
   [
    -1.2543717681070102e-07,
    3.741644926282387e-10,
    -1.6116380373508772e-08,
    4.338781975291267e-06,
    1.4358122938640852e-10,
    -3.5925216309404766e-10
   ],
   [
    3.76083612694854e-10,
    -1.2457704967286742e-07,
    -4.65329517170637e-09,
    1.434535117231054e-10,
    4.339105277949892e-06,
    -4.0347284414427236e-10
   ],
   [
    -8.4818662216339e-11,
    8.197081123030324e-10,
    -1.6140437449460272e-07,
    -3.5733332605543146e-10,
    -3.997322007149497e-10,
    0.002307828429259355
   ]
  ],
  "a_L": 0.0002129886098364236,
  "lam0_phys": 0.2529276432767767,
  "r0": 3.791868999631523e-07,
  "deltaS_bound": 1.2677306685678018e-08,
  "margin_raw": 1.9987800721373557e-06,
  "inertia_positive": true
 },
 "192": {
  "ortho_err": 2.220446049250313e-16,
  "u1_leak": 2.8283954768126146e-16,
  "eta_Z": 4.039790243147236e-07,
  "asymmetry": 1.1570523231249312e-08,
  "S_eigs_phys": [
   0.0019547344269735365,
   0.0019547372372539767,
   0.0020557004786835734,
   0.0052835488205691325,
   0.005283549566699657,
   2.7825422710767644
  ],
  "S": [
   [
    1.3070866165694326e-06,
    -2.9873824357157415e-14,
    2.0651135311510135e-11,
    -5.137220012425804e-08,
    1.7703644938961158e-14,
    -8.657689150282869e-11
   ],
   [
    -2.4889081464457865e-14,
    1.3070863947947534e-06,
    2.5605776407239544e-11,
    -3.2258788704199895e-14,
    -5.1372794103262885e-08,
    -8.002005027718028e-11
   ],
   [
    1.828884995019984e-11,
    2.5362505539620884e-11,
    5.098090605493348e-07,
    6.503218428158314e-12,
    8.229181762073323e-12,
    -5.747043893868153e-08
   ],
   [
    -5.137325773948255e-08,
    -6.370226473328942e-14,
    4.3040936750525124e-12,
    4.87975257199919e-07,
    3.930298833814818e-14,
    6.418539039261745e-12
   ],
   [
    3.127681872826008e-14,
    -5.1373387123854184e-08,
    8.1020726100484e-12,
    2.8069238839498908e-14,
    4.879746081486039e-07,
    -1.0311345781905536e-11
   ],
   [
    -8.442313140883881e-11,
    -7.865464845541574e-11,
    -5.7463672461164956e-08,
    6.770061226711978e-12,
    -1.0173791155352015e-11,
    0.0006900576963966721
   ]
  ],
  "a_L": 6.233995114995818e-05,
  "lam0_phys": 0.2517504292545637,
  "r0": 9.29988503914154e-08,
  "deltaS_bound": 1.5409620797780146e-07,
  "margin_raw": 3.3066895053478737e-07,
  "inertia_positive": true
 },
 "256": {
  "ortho_err": 2.220446049250313e-16,
  "u1_leak": 1.43158054854986e-15,
  "eta_Z": 3.5415464452727237e-11,
  "asymmetry": 2.5655676964974756e-12,
  "S_eigs_phys": [
   3.9817452065091736e-05,
   3.985005052456521e-05,
   0.001559010580265088,
   0.005049144027920904,
   0.005049316331831508,
   2.7927553735145714
  ],
  "S": [
   [
    5.23587022607493e-07,
    4.072908148072057e-12,
    3.726804544596625e-13,
    -3.6762525615042396e-08,
    2.3218751570482604e-12,
    -5.3246405494391386e-12
   ],
   [
    4.072895096518706e-12,
    5.236038300060581e-07,
    -1.0374109988378568e-12,
    1.4404068790892967e-12,
    -3.675948405677429e-08,
    -3.295696221996123e-11
   ],
   [
    3.726681007703313e-13,
    -1.0374205565680137e-12,
    1.6247188127120777e-07,
    4.908200327966754e-13,
    -5.656710975650418e-13,
    -2.544512683120576e-08
   ],
   [
    -3.676252489140881e-08,
    1.4404092443091257e-12,
    4.908228940739712e-13,
    6.75454009378977e-09,
    5.213531432332128e-13,
    -9.838705586392017e-12
   ],
   [
    2.321880913609908e-12,
    -3.675948415368545e-08,
    -5.656654976856777e-13,
    5.213561400100342e-13,
    6.751017948554254e-09,
    2.0200070958582072e-11
   ],
   [
    -5.3245529187985474e-12,
    -3.2956782560653376e-11,
    -2.544512712967828e-08,
    -9.838571253107571e-12,
    2.0200111999066273e-11,
    0.00029104228379886465
   ]
  ],
  "a_L": 2.611541436350729e-05,
  "lam0_phys": 0.250882134442901,
  "r0": 2.984369363985751e-08,
  "deltaS_bound": 1.0269367685317049e-11,
  "margin_raw": 4.13923917237712e-09,
  "inertia_positive": true,
  "vs_solver_Seig_maxdiff_phys": 8.881784197001252e-15
 }
}