{
 "controls": [
  {
   "E": 274.9581913304203,
   "E2": 133.08027436569117,
   "E4": 141.8779169647291,
   "Q_fwd": -0.9923443428431228,
   "Q_sym": -0.992032964031705,
   "gf_mnorm": 0.015680115356001587,
   "theta_nn_max": 0.13523271797189004,
   "centroid": [
    -9.736789066880307e-07,
    1.4631609449510208e-07,
    -2.2065879645452314e-07
   ],
   "loc4": {
    "1": 0.6174035253248675,
    "1.5": 0.8936555018936675,
    "2": 0.9782855172696258,
    "2.5": 0.9955655582022758
   },
   "displacement": 0.0,
   "reached": true,
   "nsteps": 0
  },
  {
   "E": 274.9581913304203,
   "E2": 133.08027436569117,
   "E4": 141.8779169647291,
   "Q_fwd": -0.9923443428431228,
   "Q_sym": -0.992032964031705,
   "gf_mnorm": 0.015680115356001587,
   "theta_nn_max": 0.13523271797189004,
   "centroid": [
    -9.736789066880307e-07,
    1.4631609449510208e-07,
    -2.2065879645452314e-07
   ],
   "loc4": {
    "1": 0.6174035253248675,
    "1.5": 0.8936555018936675,
    "2": 0.9782855172696258,
    "2.5": 0.9955655582022758
   },
   "displacement": 0.0,
   "reached": true,
   "nsteps": 0
  }
 ],
 "envelopes": {
  "tauE": 0.001,
  "tauQ": 0.02,
  "tauLoc": 0.01,
  "sigE": 0.0,
  "sigQ": 0.0,
  "sigLoc": 0.0
 },
 "u1_control": {
  "alpha": 0.7,
  "dE": 0.0,
  "Q_fwd": -0.9923443428431228,
  "Q_sym": -0.9920329640317053
 },
 "tr_controls": {
  "Tx": {
   "E": 274.95836084454913,
   "E2": 133.09629250101364,
   "E4": 141.86206834353553,
   "Q_fwd": -0.9923464589758741,
   "Q_sym": -0.9920352093175577,
   "gf_mnorm": 0.01486228540723186,
   "theta_nn_max": 0.13528889445005512,
   "centroid": [
    -0.034872867122949125,
    1.3988890655283182e-07,
    -2.1942572044825308e-07
   ],
   "loc4": {
    "1": 0.616889073650001,
    "1.5": 0.8933687937127014,
    "2": 0.9781917195393041,
    "2.5": 0.9955426795882002
   },
   "displacement": 31.776381580361008,
   "reached": true,
   "realized_theta": 0.1
  },
  "Rz": {
   "E": 274.9580296115297,
   "E2": 133.08598391172063,
   "E4": 141.87204569980904,
   "Q_fwd": -0.9923458202316839,
   "Q_sym": -0.9920344859083018,
   "gf_mnorm": 0.016315618667381317,
   "theta_nn_max": 0.13521230437957482,
   "centroid": [
    -9.304949463911469e-07,
    1.3128333255523244e-07,
    9.8800332756281e-05
   ],
   "loc4": {
    "1": 0.6172368237660057,
    "1.5": 0.8935381697644544,
    "2": 0.9782454849162162,
    "2.5": 0.9955566532875141
   },
   "displacement": 2.307030045402059,
   "reached": true,
   "realized_theta": 0.1
  }
 }
}