{
 "controls": [
  {
   "E": 274.1805968148136,
   "E2": 132.1178527727898,
   "E4": 142.0627440420238,
   "Q_fwd": -0.9861777748564944,
   "Q_sym": -0.9856202488721,
   "gf_mnorm": 0.01728783601838628,
   "theta_nn_max": 0.18201063691673508,
   "centroid": [
    -9.288534597124847e-07,
    1.366888965934861e-07,
    -2.1878942740026984e-07
   ],
   "loc4": {
    "1": 0.6369566774051052,
    "1.5": 0.8972540116138582,
    "2": 0.9781997129831058,
    "2.5": 0.9960230420818214
   },
   "displacement": 0.0,
   "reached": true,
   "nsteps": 0
  },
  {
   "E": 274.1805968148136,
   "E2": 132.1178527727898,
   "E4": 142.0627440420238,
   "Q_fwd": -0.9861777748564944,
   "Q_sym": -0.9856202488721,
   "gf_mnorm": 0.01728783601838628,
   "theta_nn_max": 0.18201063691673508,
   "centroid": [
    -9.288534597124847e-07,
    1.366888965934861e-07,
    -2.1878942740026984e-07
   ],
   "loc4": {
    "1": 0.6369566774051052,
    "1.5": 0.8972540116138582,
    "2": 0.9781997129831058,
    "2.5": 0.9960230420818214
   },
   "displacement": 0.0,
   "reached": true,
   "nsteps": 0
  }
 ],
 "envelopes": {
  "tauE": 0.001,
  "tauQ": 0.02,
  "tauLoc": 0.01,
  "sigE": 0.0,
  "sigQ": 0.0,
  "sigLoc": 0.0
 },
 "u1_control": {
  "alpha": 0.7,
  "dE": 0.0,
  "Q_fwd": -0.9861777748564944,
  "Q_sym": -0.9856202488721002
 },
 "tr_controls": {
  "Tx": {
   "E": 274.18082061723567,
   "E2": 132.08185101453162,
   "E4": 142.09896960270407,
   "Q_fwd": -0.9861708707495741,
   "Q_sym": -0.9856136697305748,
   "gf_mnorm": 0.03339632296823068,
   "theta_nn_max": 0.18229447810555321,
   "centroid": [
    -0.034585037173537274,
    1.3302505102498725e-07,
    -2.1834611211526943e-07
   ],
   "loc4": {
    "1": 0.636749758539656,
    "1.5": 0.8971683589579033,
    "2": 0.9781788531833732,
    "2.5": 0.9960220317151514
   },
   "displacement": 20.49307724034089,
   "reached": true,
   "realized_theta": 0.1
  },
  "Rz": {
   "E": 274.18018502576,
   "E2": 131.94084099643976,
   "E4": 142.23934402932028,
   "Q_fwd": -0.9861451741611789,
   "Q_sym": -0.9855863019471185,
   "gf_mnorm": 0.010987150270729714,
   "theta_nn_max": 0.18220210456873445,
   "centroid": [
    -9.231284913991987e-07,
    1.296479480273713e-07,
    0.0001276270489839712
   ],
   "loc4": {
    "1": 0.6377537917454597,
    "1.5": 0.897739851624641,
    "2": 0.9783818118500759,
    "2.5": 0.9960742902682154
   },
   "displacement": 3.055919350662694,
   "reached": true,
   "realized_theta": 0.1
  }
 }
}