{
 "E0_centered": 283.3670999701832,
 "E0_noNull": 284.0843007996342,
 "modes": {
  "v": {
   "lam_saved_centered": -290.69728182835513,
   "centered": {
    "2e-03": -290.68799329934336,
    "1e-03": -290.694959630855,
    "5e-04": -290.69670108583523
   },
   "noNull": {
    "2e-03": 30787.21177499233,
    "1e-03": 30772.33316003003,
    "5e-04": 30768.6133187417
   }
  },
  "v1": {
   "lam_saved_centered": -269.85990005611507,
   "centered": {
    "2e-03": -269.8511148082616,
    "1e-03": -269.85770375631546,
    "5e-04": -269.85935164702823
   },
   "noNull": {
    "2e-03": 15457.193569460514,
    "1e-03": 15454.81314474273,
    "5e-04": 15454.218008017051
   }
  },
  "v2": {
   "lam_saved_centered": -236.10451514647713,
   "centered": {
    "2e-03": -236.09828576809377,
    "1e-03": -236.10295784237678,
    "5e-04": -236.1041260883212
   },
   "noNull": {
    "2e-03": 28788.10808104504,
    "1e-03": 28785.033563622164,
    "5e-04": 28784.264914520463
   }
  }
 }
}