{
 "controls": [
  {
   "E": 271.83107609443107,
   "E2": 128.83293295151816,
   "E4": 142.9981431429129,
   "Q_fwd": -0.9672850964767774,
   "Q_sym": -0.965999662654045,
   "gf_mnorm": 0.04113679141380126,
   "theta_nn_max": 0.2816191198467393,
   "centroid": [
    -8.712879601256059e-07,
    -6.11181840117028e-08,
    -2.1854743778504054e-07
   ],
   "loc4": {
    "1": 0.6832431391368983,
    "1.5": 0.9084344173687702,
    "2": 0.9793658964203129,
    "2.5": 0.9959099005856771
   },
   "displacement": 0.0,
   "reached": true,
   "nsteps": 0
  },
  {
   "E": 271.83107609443107,
   "E2": 128.83293295151816,
   "E4": 142.9981431429129,
   "Q_fwd": -0.9672850964767774,
   "Q_sym": -0.965999662654045,
   "gf_mnorm": 0.04113679141380126,
   "theta_nn_max": 0.2816191198467393,
   "centroid": [
    -8.712879601256059e-07,
    -6.11181840117028e-08,
    -2.1854743778504054e-07
   ],
   "loc4": {
    "1": 0.6832431391368983,
    "1.5": 0.9084344173687702,
    "2": 0.9793658964203129,
    "2.5": 0.9959099005856771
   },
   "displacement": 0.0,
   "reached": true,
   "nsteps": 0
  }
 ],
 "envelopes": {
  "tauE": 0.001,
  "tauQ": 0.02,
  "tauLoc": 0.01,
  "sigE": 0.0,
  "sigQ": 0.0,
  "sigLoc": 0.0
 },
 "u1_control": {
  "alpha": 0.7,
  "dE": 0.0,
  "Q_fwd": -0.9672850964767775,
  "Q_sym": -0.965999662654045
 },
 "tr_controls": {
  "Tx": {
   "E": 271.8304642140099,
   "E2": 128.7210207488497,
   "E4": 143.1094434651602,
   "Q_fwd": -0.967235900966599,
   "Q_sym": -0.9659478828288232,
   "gf_mnorm": 0.03834988406153942,
   "theta_nn_max": 0.2825566622089714,
   "centroid": [
    -0.03372131357828708,
    4.590228728327718e-07,
    -2.2152986919413688e-07
   ],
   "loc4": {
    "1": 0.6834320074974288,
    "1.5": 0.9085757798576652,
    "2": 0.979426247663736,
    "2.5": 0.9959308605916616
   },
   "displacement": 10.755003965732175,
   "reached": true,
   "realized_theta": 0.09999999999999999
  },
  "Ty": {
   "E": 271.83046422491145,
   "E2": 128.72102118735452,
   "E4": 143.1094430375569,
   "Q_fwd": -0.9672359302544412,
   "Q_sym": -0.9659478831317372,
   "gf_mnorm": 0.03835040303611228,
   "theta_nn_max": 0.28255659992023163,
   "centroid": [
    -1.0208839602763937e-06,
    -0.03371948548717465,
    -2.197778978712767e-07
   ],
   "loc4": {
    "1": 0.6834320419114114,
    "1.5": 0.9085757968470959,
    "2": 0.9794262529252349,
    "2.5": 0.9959308617243817
   },
   "displacement": 10.754955004639482,
   "reached": true,
   "realized_theta": 0.1
  },
  "Tz": {
   "E": 271.8303428646081,
   "E2": 128.72230994081713,
   "E4": 143.10803292379097,
   "Q_fwd": -0.9672387457928547,
   "Q_sym": -0.9659502229999248,
   "gf_mnorm": 0.03466560718142914,
   "theta_nn_max": 0.28195835914310124,
   "centroid": [
    -1.0450599630954148e-06,
    4.4877168664544963e-07,
    -0.048185964633570506
   ],
   "loc4": {
    "1": 0.6830448363798344,
    "1.5": 0.9084865794221799,
    "2": 0.9794286372163328,
    "2.5": 0.9959349131064791
   },
   "displacement": 15.194552809687655,
   "reached": true,
   "realized_theta": 0.1
  },
  "Rx": {
   "E": 271.83018021370737,
   "E2": 128.65672065810145,
   "E4": 143.17345955560592,
   "Q_fwd": -0.9671552836326897,
   "Q_sym": -0.9659224301349364,
   "gf_mnorm": 0.028027921828058834,
   "theta_nn_max": 0.28241309834076433,
   "centroid": [
    0.003279201869103723,
    6.079492165263494e-07,
    -2.3354037508640818e-07
   ],
   "loc4": {
    "1": 0.6840282861247436,
    "1.5": 0.9088914681840284,
    "2": 0.9795415607911245,
    "2.5": 0.9959622071167252
   },
   "displacement": 19.748913109828262,
   "reached": true,
   "realized_theta": 0.1
  },
  "Ry": {
   "E": 271.83018029002574,
   "E2": 128.65672969375393,
   "E4": 143.1734505962718,
   "Q_fwd": -0.9672599116157253,
   "Q_sym": -0.9659224338403671,
   "gf_mnorm": 0.028028589898452475,
   "theta_nn_max": 0.2824130216282125,
   "centroid": [
    -1.0615340618589928e-06,
    0.003280819351340303,
    -2.246483862801638e-07
   ],
   "loc4": {
    "1": 0.6840282513630084,
    "1.5": 0.9088914455709406,
    "2": 0.9795415509788448,
    "2.5": 0.9959622039612158
   },
   "displacement": 19.748865567055127,
   "reached": true,
   "realized_theta": 0.1
  },
  "Rz": {
   "E": 271.8288558198083,
   "E2": 128.43703984900228,
   "E4": 143.39181597080605,
   "Q_fwd": -0.9671083766317492,
   "Q_sym": -0.9658159886767376,
   "gf_mnorm": 0.007179666081319742,
   "theta_nn_max": 0.28230958820762525,
   "centroid": [
    -1.0320793856099972e-06,
    6.054040521772323e-07,
    0.00022010282833236737
   ],
   "loc4": {
    "1": 0.6850534184388132,
    "1.5": 0.9094700638972909,
    "2": 0.9797561782596503,
    "2.5": 0.9960251917307386
   },
   "displacement": 3.60844444634223,
   "reached": true,
   "realized_theta": 0.1
  }
 }
}