{
 "0": {
  "lam_doublet": [
   0.25292764328005163,
   0.2529276501310933
  ],
  "lam_isolated": 0.32086180814876264,
  "eta_c_doublet": 0.00086192084386945,
  "r_j_isolated": 3.4221482090194435e-05,
  "N": 128,
  "L": 6.0,
  "h": 0.09448818897637795,
  "source": "noNull_hess_refine_s128_0.npz"
 },
 "1": {
  "lam_doublet": [
   0.2529276427225849,
   0.2529276501830047
  ],
  "lam_isolated": 0.3208618081605047,
  "eta_c_doublet": 0.000824316392275986,
  "r_j_isolated": 4.604297812150793e-05,
  "N": 128,
  "L": 6.0,
  "h": 0.09448818897637795,
  "source": "noNull_hess_refine_s128_1.npz"
 }
}