{
 "final_gf_mnorm": 0.015680115356001587,
 "reached": true,
 "final_E": 274.9581913304203,
 "Q_fwd": -0.9923443428431228,
 "Q_sym": -0.992032964031705,
 "theta_max": 0.13523271797189004,
 "trajectory": []
}