{
 "L6.00_N128": {
  "N": 128,
  "L": 6.0,
  "h": 0.09448818897637795,
  "E": 271.83107609443107,
  "E2": 128.83293295151816,
  "E4": 142.9981431429129,
  "gap": 14.165210191394749,
  "delta_vir": -0.05211034144776704,
  "Q_fwd": -0.9672850964767774,
  "crit_Minv": 0.04113679141380126,
  "theta_max": 0.2816191198467393,
  "E2_frac_cube2p5": 0.8629153674165398,
  "E4_frac_cube2p5": 0.9959099005856772
 },
 "L7.51_N160": {
  "N": 160,
  "L": 7.511811023622047,
  "h": 0.09448818897637795,
  "E": 270.78987895329965,
  "E2": 129.45132831164187,
  "E4": 141.33855064165775,
  "gap": 11.887222330015874,
  "delta_vir": -0.04389832580140834,
  "Q_fwd": -0.9679073110556554,
  "crit_Minv": 0.012324246956911202,
  "theta_max": 0.2792609397728947,
  "E2_frac_cube2p5": 0.8585065446874,
  "E4_frac_cube2p5": 0.995562174311892
 },
 "L9.02_N192": {
  "N": 192,
  "L": 9.023622047244094,
  "h": 0.09448818897637795,
  "E": 270.3288096479066,
  "E2": 130.0379185607939,
  "E4": 140.29089108711267,
  "gap": 10.252972526318757,
  "delta_vir": -0.03792778335269881,
  "Q_fwd": -0.9683159139493043,
  "crit_Minv": 0.019908605741627897,
  "theta_max": 0.27769188064007727,
  "E2_frac_cube2p5": 0.8549697080144739,
  "E4_frac_cube2p5": 0.9953081505709396
 },
 "L7.51_N240_hf": {
  "N": 240,
  "L": 7.507853403141361,
  "h": 0.06282722513089005,
  "E": 273.0727725415496,
  "E2": 133.0404992423967,
  "E4": 140.03227329915296,
  "gap": 6.99177405675627,
  "delta_vir": -0.025604068804378623,
  "Q_fwd": -0.9864975660734127,
  "crit_Minv": 0.010363844884429683
 }
}