{
 "m": 3,
 "Mbase": 142.98924111633795,
 "results": [
  {
   "evec": 0,
   "ev": -907.6076962488484,
   "amp": 0.25,
   "M": 148.18793732511872,
   "dM": 5.198696208780774,
   "psivar": 0.40127361090262775,
   "Phi": 2.3590413647963514e-10
  },
  {
   "evec": 0,
   "ev": -907.6076962488484,
   "amp": -0.25,
   "M": 148.176534939676,
   "dM": 5.187293823338052,
   "psivar": 0.40109966887838644,
   "Phi": 2.3593099030578944e-10
  },
  {
   "evec": 1,
   "ev": -884.3041339774335,
   "amp": 0.25,
   "M": 148.23479172678051,
   "dM": 5.245550610442564,
   "psivar": 0.4776154207584985,
   "Phi": 2.394941762789561e-10
  },
  {
   "evec": 1,
   "ev": -884.3041339774335,
   "amp": -0.25,
   "M": 148.26612758895627,
   "dM": 5.276886472618315,
   "psivar": 0.47833302621006907,
   "Phi": 2.3937303549015424e-10
  }
 ],
 "best_M": 142.98924111633795,
 "verdict": "STABLE along tested modes (negatives were off-constraint)"
}