{
 "m": 2,
 "Mbase": 13.40449719965704,
 "results": [
  {
   "evec": 0,
   "ev": -302.27162978188215,
   "amp": 0.25,
   "M": 14.510080251761401,
   "dM": 1.105583052104361,
   "psivar": 0.3854254392960082,
   "Phi": 1.417049126460853e-09
  },
  {
   "evec": 0,
   "ev": -302.27162978188215,
   "amp": -0.25,
   "M": 16.85122707266554,
   "dM": 3.4467298730085005,
   "psivar": 0.36687158706511874,
   "Phi": 9.861412074903918e-10
  },
  {
   "evec": 1,
   "ev": -182.68152224046722,
   "amp": 0.25,
   "M": 16.26392241264407,
   "dM": 2.8594252129870306,
   "psivar": 0.3874553907938854,
   "Phi": 1.0254033937512837e-09
  },
  {
   "evec": 1,
   "ev": -182.68152224046722,
   "amp": -0.25,
   "M": 16.263922412638948,
   "dM": 2.8594252129819075,
   "psivar": 0.3874553907937763,
   "Phi": 1.0254033937506166e-09
  }
 ],
 "best_M": 13.40449719965704,
 "verdict": "STABLE along tested modes (negatives were off-constraint)"
}