{
  "ell": {
    "0": {
      "0.99": {
        "ok": true,
        "u": 1.0,
        "up": 0.0,
        "abs_up": 0.0
      },
      "0.999": {
        "ok": true,
        "u": 1.0,
        "up": 0.0,
        "abs_up": 0.0
      },
      "0.9999": {
        "ok": true,
        "u": 1.0,
        "up": 0.0,
        "abs_up": 0.0
      }
    },
    "1": {
      "0.99": {
        "ok": true,
        "u": 9.56476366583017,
        "up": 280.64730445338967,
        "abs_up": 280.64730445338967
      },
      "0.999": {
        "ok": true,
        "u": 16.260149427128763,
        "up": 2967.1483379288775,
        "abs_up": 2967.1483379288775
      },
      "0.9999": {
        "ok": true,
        "u": 23.133942005738636,
        "up": 29950.745617586042,
        "abs_up": 29950.745617586042
      }
    },
    "2": {
      "0.99": {
        "ok": true,
        "u": 39.688967504113386,
        "up": 1686.8275391295679,
        "abs_up": 1686.8275391295679
      },
      "0.999": {
        "ok": true,
        "u": 82.19487683624105,
        "up": 19431.35818105706,
        "abs_up": 19431.35818105706
      },
      "0.9999": {
        "ok": true,
        "u": 127.66101450823884,
        "up": 199192.30000378517,
        "abs_up": 199192.30000378517
      }
    },
    "3": {
      "0.99": {
        "ok": true,
        "u": 150.4877872404977,
        "up": 8139.749503880351,
        "abs_up": 8139.749503880351
      },
      "0.999": {
        "ok": true,
        "u": 368.8410910603441,
        "up": 103422.59469924629,
        "abs_up": 103422.59469924629
      },
      "0.9999": {
        "ok": true,
        "u": 613.8228318362889,
        "up": 1080666.9470237459,
        "abs_up": 1080666.9470237459
      }
    },
    "4": {
      "0.99": {
        "ok": true,
        "u": 1345.0082218293821,
        "up": 87580.79427361008,
        "abs_up": 87580.79427361008
      },
      "0.999": {
        "ok": true,
        "u": 3890.8222465364734,
        "up": 1247225.0388340647,
        "abs_up": 1247225.0388340647
      },
      "0.9999": {
        "ok": true,
        "u": 6891.612452069506,
        "up": 13330699.976643022,
        "abs_up": 13330699.976643022
      }
    },
    "5": {
      "0.99": {
        "ok": true,
        "u": 22414.245292576714,
        "up": 1700390.3884610478,
        "abs_up": 1700390.3884610478
      },
      "0.999": {
        "ok": true,
        "u": 74682.33124001572,
        "up": 26784170.512455624,
        "abs_up": 26784170.512455624
      },
      "0.9999": {
        "ok": true,
        "u": 139988.50804468768,
        "up": 293020282.74464244,
        "abs_up": 293020282.74464244
      }
    }
  },
  "conclusion": "Static multipoles regular at origin become wall-loud as r\u2192X; no quiet static angular decoration on filled L."
}