{
  "z_eff": 2.367472223647019,
  "n_bins": 2500,
  "simple_with_dmat": {
    "params": [
      0.036382457757178674,
      0.9885658537401294,
      1.7348417778456788,
      -0.0010947700049694599,
      1.5702633618460474e-05,
      -8.084690354296803e-08,
      1.4076844305158633e-10
    ],
    "chi2": 26444.275506140202,
    "apar": 0.9885658537401294,
    "aperp": 1.7348417778456788,
    "F": 8.172281523005744
  },
  "simple_no_dmat": {
    "params": [
      0.036382457757178674,
      0.9885658537401294,
      1.7348417778456788,
      -0.0010947700049694599,
      1.5702633618460474e-05,
      -8.084690354296803e-08,
      1.4076844305158633e-10
    ],
    "chi2": 26444.275506140202,
    "apar": 0.9885658537401294,
    "aperp": 1.7348417778456788,
    "F": 8.172281523005744
  },
  "extended_with_dmat": {
    "params": [
      0.09278380879299411,
      0.29999999114569564,
      0.701936013358626,
      -0.0007537711764025886,
      1.2853791936941052e-05,
      -7.175378370893288e-08,
      1.299358009029462e-10,
      0.31742372699364774,
      206.56765346891785,
      8.875401791348153
    ],
    "chi2": 14136.496761097338,
    "apar": 0.29999999114569564,
    "aperp": 0.701936013358626,
    "r0": 206.56765346891785,
    "F": 10.895955857045518,
    "F_fid": 4.6568157188531245,
    "R_L": 5.1699345885170995,
    "F_over_RL": 2.107561647152449,
    "F_official": 4.6589229144667375
  },
  "elapsed_s": 107.04952669143677
}