{
  "spectrum_Omega_X1": {
    "1": [
      0.543805875405095,
      1.0324265216019772,
      1.5053214977982734,
      1.9719626253483997,
      2.435295573830298,
      2.896610211078768,
      3.356582911904942,
      3.8156100389429537
    ],
    "2": [
      0.6581082653030368,
      1.1847114538702443,
      1.676508167760709,
      2.154394569765738,
      2.6251787022071738,
      3.091796973763521,
      3.5557407974832107,
      4.01785520390023
    ],
    "3": [
      0.7477544515491596,
      1.3078102530855635,
      1.8200672073982076,
      2.3118032988086523,
      2.7925515952812185,
      3.266666398093023,
      3.736447568654283,
      4.20323272525253
    ],
    "4": [
      0.8261111253755523,
      1.4153438697544565,
      1.9470776133888372,
      2.4529493109589326,
      2.944418524073752,
      3.426927091862138,
      3.903447910498188,
      4.375756820252124
    ]
  },
  "scaling": "omega = Omega / X",
  "conclusion": "discrete time-live multipole tower on L with omega ~ 1/X"
}