{
  "tracer": "DESI_DR1_LyA_auto_CF",
  "z_eff": 2.367472223647019,
  "meta": "# RPMIN: 0.0, RPMAX: 200.0, RTMAX: 200.0, NP: 50, NT: 50, ZCUTMIN: N/A, ZCUTMAX: N/A, OMEGAM: 0.315",
  "monopole_r_bao": 100.5,
  "wedge_peaks": {
    "radial_mu>0.8": {
      "r_peak": 136.9379886169035,
      "resid_max": 6.3665625661283315e-06,
      "bb_at_peak": -3.3709973089984064e-05
    },
    "mid_0.5-0.8": {
      "r_peak": 92.21429322746908,
      "resid_max": 3.959077452160808e-05,
      "bb_at_peak": -5.132231800163515e-05
    },
    "trans_mu<0.5": {
      "r_peak": 95.79356095700743,
      "resid_max": 8.794847371292569e-05,
      "bb_at_peak": -6.827166344400802e-05
    },
    "radial_mu>0.7": {
      "r_peak": 136.89427727189008,
      "resid_max": 4.572858359089118e-06,
      "bb_at_peak": -2.9747545118569097e-05
    },
    "trans_mu<0.3": {
      "r_peak": 95.52350854283974,
      "resid_max": 9.076100236759944e-05,
      "bb_at_peak": -6.365731193800272e-05
    }
  },
  "strip_radial": {
    "r_peak": 98.14567785731147,
    "resid_max": 9.340084706739013e-05,
    "bb_at_peak": -0.00014536180750531185
  },
  "strip_transverse": {
    "r_peak": 122.46709968355643,
    "resid_max": 9.113529334462715e-06,
    "bb_at_peak": 1.0040397709879358e-05
  },
  "F_fid_LCDM": 4.6568157188531245,
  "F_pub_DESI_LyA": 4.660798122065728,
  "R_L": 5.1699345885170995,
  "F_from_wedge_peaks": 3.2484439168064916,
  "wedge_peak_ratio": 0.697567632675513
}