{
  "relational_check": {
    "d": 0.5063291139240506,
    "tanh_dphi": 0.5063291139240506,
    "match": true,
    "d_to_wall": 1.0,
    "one_plus_z": 1.7467919313078049,
    "sqrt_form": 1.7467919313078049
  },
  "contrast": [
    {
      "z": 0.1,
      "hyp": 0.11497737556561098,
      "lin": 0.21000000000000013
    },
    {
      "z": 0.5,
      "hyp": 0.8653846153846154,
      "lin": 1.25
    },
    {
      "z": 1.0,
      "hyp": 2.4,
      "lin": 3.0
    },
    {
      "z": 2.0,
      "hyp": 7.2,
      "lin": 8.0
    }
  ],
  "local_margin": "C=2m/R=(2/5)\u03b1R\u00b2 \u2192 1 merges to filled wall",
  "verdict": "relational hyp room; hyp vs lin characters; local C\u21921 bridges rooms"
}