{
 "23": {
  "d_root_h05": 0.002057741418147907,
  "d_root_h025": 0.0020577414516123604,
  "d_sweep": 0.0020577417608,
  "N_delta": 23,
  "N_rhop": 23,
  "rho_s": 0.9625869479763828,
  "q": 0.364044735897807,
  "a_seal": 0.03741305202361722,
  "r_s": 2371.4389626889574
 },
 "30": {
  "d_root_h05": 0.0016590877502405401,
  "d_root_h025": 0.0016590877795932826,
  "d_sweep": 0.0016590880518,
  "N_delta": 30,
  "N_rhop": 30,
  "rho_s": 1.029060609052274,
  "q": 0.2827954104613343,
  "a_seal": 0.029060609052274033,
  "r_s": 2968.35022545086
 },
 "35": {
  "d_root_h05": 0.0014509824695875804,
  "d_root_h025": 0.001450982495152464,
  "d_sweep": 0.0014509827346,
  "N_delta": 35,
  "N_rhop": 35,
  "rho_s": 0.9752758222567975,
  "q": 0.24385086168924128,
  "a_seal": 0.024724177743202458,
  "r_s": 3410.944596032907
 }
}