{
 "m": 3,
 "grid": [
  18,
  8,
  8
 ],
 "M_MS": 142.98924111633795,
 "psivar": 0.3578094349299286,
 "tvar": 1.074576963193391,
 "Phi": 5.164121176529567e-10,
 "comp_fulldiag": {
  "tt": 6.738102945068325e-06,
  "rr": 1.8630286083372652e-05,
  "thth": 1.025012732850869e-05,
  "psps": 5.194673364050748e-06,
  "rth": 4.726138381068874e-06,
  "rps": 2.0472043389206002e-06,
  "thps": 7.87024336224123e-06,
  "el": 2.4873041276919078e-05
 },
 "comp_independent": {
  "tt": 6.738102945068325e-06,
  "rr": 1.8630286083372652e-05,
  "thth": 1.025012732850869e-05,
  "psps": 5.194673364050748e-06,
  "rth": 4.726138381068874e-06,
  "rps": 2.0472043389206002e-06,
  "thps": 7.87024336224123e-06,
  "el": 2.4873041276919078e-05
 },
 "maxB1A": 5.40779521962384,
 "winning": "cos3psi"
}