{
 "m": 1,
 "grid": [
  18,
  8,
  8
 ],
 "M_MS": 0.29925846399520756,
 "psivar": 0.00293111959979852,
 "tvar": 0.0192339606262092,
 "Phi": 4.631794516204241e-12,
 "comp_fulldiag": {
  "tt": 4.353724861183572e-08,
  "rr": 1.7828083851769786e-07,
  "thth": 2.498986259369179e-07,
  "psps": 1.5586400366359148e-07,
  "rth": 1.0439212720034334e-07,
  "rps": 1.2694366373887093e-16,
  "thps": 1.2246998788019553e-16,
  "el": 3.036489879817283e-08
 },
 "comp_independent": {
  "tt": 4.353724861183572e-08,
  "rr": 1.7828083851769786e-07,
  "thth": 2.498986259369179e-07,
  "psps": 1.5586400366359148e-07,
  "rth": 1.0439212720034334e-07,
  "rps": 1.2694366373887093e-16,
  "thps": 1.2246998788019553e-16,
  "el": 3.036489879817283e-08
 },
 "maxB1A": 0.1920517898149274,
 "winning": "base"
}