{
 "m": 2,
 "grid": [
  18,
  8,
  8
 ],
 "M_MS": 13.40449719965704,
 "psivar": 0.29718134884166153,
 "tvar": 0.7028802885170573,
 "Phi": 1.227925989869847e-08,
 "comp_fulldiag": {
  "tt": 1.295125513914308e-05,
  "rr": 2.817474669306909e-05,
  "thth": 4.867909089475617e-05,
  "psps": 2.092005264959021e-05,
  "rth": 3.0957964885620914e-05,
  "rps": 1.2432343351792413e-15,
  "thps": 1.361236039888842e-15,
  "el": 6.778696890249814e-06
 },
 "comp_independent": {
  "tt": 1.295125513914308e-05,
  "rr": 2.817474669306909e-05,
  "thth": 4.867909089475617e-05,
  "psps": 2.092005264959021e-05,
  "rth": 3.0957964885620914e-05,
  "rps": 1.2432343351792413e-15,
  "thps": 1.361236039888842e-15,
  "el": 6.778696890249814e-06
 },
 "maxB1A": 2.7948742137701434,
 "winning": "base"
}