identity_id	family_id	motif	intertwining_residual_129	metric_isometry_residual_129	kato_metric_skew_residual_129	kato_commutator_residual_129	refinement_65_129	status
B0_V007_M7	M01_R	FOUR_LINES	6.3503924341290485e-11	2.8232686901654115e-10	2.2869236149376346e-07	9.575514747783842e-08	2.3589468373235355e-10	NUMERIC_MARGIN_RETAINED
B3_R04_3_MD	M02_H	FOUR_LINES	1.5638932790600946e-08	5.5953548642440322e-10	5.7920620063923315e-07	4.0106216214752521e-07	1.386595251839773e-07	NUMERIC_MARGIN_RETAINED
B2_R08_1_M1	M05_R_D	FOUR_LINES	5.1684745372426733e-10	4.4252589230583814e-10	1.4819534892215821e-07	2.3544239364896302e-07	1.1410656120143719e-09	NUMERIC_MARGIN_RETAINED
B0_R11_1_M8	M05_R_D	LINE_PLUS_THREE	7.7744467114958971e-11	1.1205453325443061e-09	5.5673546900169282e-07	1.2696617509681552e-07	1.0081228282272151e-09	NUMERIC_MARGIN_RETAINED
B3_R04_3_M8	M12_D_RG	LINE_PLUS_THREE	5.8275475313618389e-10	5.8477387450505476e-10	2.2427170237879461e-07	6.8313249862450576e-08	1.13641799030591e-09	NUMERIC_MARGIN_RETAINED
B0_R14_3_M8	M21_R_D_WG	LINE_PLUS_THREE	5.8009881221340004e-10	2.258569032379005e-09	2.8482730331461405e-06	1.3811268994961951e-06	1.9859223487067023e-09	NUMERIC_MARGIN_RETAINED
B0_R03_1_M8	M29_R_D_RG_WG	LINE_PLUS_THREE	7.7744467114958971e-11	1.1205453325443061e-09	5.5673546900169282e-07	1.2696617509681552e-07	1.0081228282272151e-09	NUMERIC_MARGIN_RETAINED
