order	sector	attempts	raw_passes	validation_passes	unresolved	max_pass_residual	max_validation_residual	min_unresolved_residual
2	GENERAL	33	29	29	4	8.996131761255378e-10	3.55045977343879e-09	5.894161235056561
2	SEAL_EVEN	33	27	27	6	8.99612612188864e-10	3.550455989118702e-09	2.7242031525766293
2	SEAL_ODD_W	33	29	29	4	8.99612612188864e-10	3.550455989118702e-09	0.08422747424550875
4	GENERAL	33	23	23	10	8.581509852708953e-10	6.626992185076909e-09	0.1824425796855584
4	SEAL_EVEN	33	18	18	15	9.916772938654255e-10	3.3116838758406395e-09	0.04808259904896163
4	SEAL_ODD_W	33	21	21	12	9.916753959774046e-10	4.79108636802688e-09	0.1824425796857113
