K	r	theta	direct	formula	scaled_error
1	-0.3333333333333333	0.7	3.064683535711227	3.064683535711225	5.796216211890237e-16
1	0.2	0.7	1.8513213111492315	1.851321311149231	2.398768961258208e-16
0	-0.3333333333333333	0.4	0.252640136937762	0.25264013693776194	2.1972419705002386e-16
0	0.2	0.4	0.4718414184273359	0.4718414184273356	5.882394917372711e-16
-1	-0.3333333333333333	0.6	2.2916783739733937	2.291678373973392	7.751335700394727e-16
-1	0.2	0.6	1.0575362377242152	1.0575362377242148	4.199281253999661e-16
