K	r	theta	twist_area	twist_shear	pure_twist
1	-0.3333333333333333	0.7	0.0	0.0	10.595438734946844
1	0.2	0.7	0.0	0.0	1.4868205976433613
0	-0.3333333333333333	0.4	0.0	0.0	10.058111916715623
0	0.2	0.4	0.0	0.0	0.4239273485225331
-1	-0.3333333333333333	0.6	0.0	0.0	21.267823539636794
-1	0.2	0.6	0.0	0.0	1.4785160219261608
