{
  "analytic": {
    "log_coordinate": "s=ln r:  Z (phi_ss + phi_s) = 4 e^{-2 phi}",
    "mechanical_analog": "Like particle phi(s) with friction phi_s and force ~ e^{-2 phi}; not conservative friction.",
    "w_form": "w=e^{-phi}: Z (r^2 ( -w'/w ))' = 4 w^2",
    "no_constant_sol": "phi=const => 0 = 4 e^{-2c} impossible",
    "linear_ansatz_fail": "phi=a+b ln r: left Z b, right 4 e^{-2a} r^{-2b} \u2014 only if b=0 impossible, or power match no"
  },
  "scaling": {
    "no_finite_constant_at_infinity": "exact (RHS never zero)",
    "approach_phi_plus_infty_slow": "possible open research; (r^2 phi')'>0 always so G_r=r^2 phi' strictly increasing",
    "flux_mono": "Q := r^2 phi' is STRICTLY increasing (Q' = (4/Z)e^{-2phi}>0)",
    "consequence": "Once Q>0, stays and grows; phi eventually increases. If Q(r0)<0, may cross to Q>0 then phi min then rise."
  },
  "shots": [
    {
      "tag": "Z1_out_p0_u-2",
      "Z": 1.0,
      "r0": 1.0,
      "phi0": 0.0,
      "u0": -2.0,
      "r_end": 100.0,
      "phi_end": 2.757101088158777,
      "u_end": 0.0007954222762742349,
      "status": "ok",
      "phi_max": 2.757101088158777,
      "phi_min": -0.29255329604883695,
      "ell": 1325.405407546909,
      "null_u": 18723.747601147694,
      "notes": "phi_up; u_end>0; CLASS_ongoing"
    },
    {
      "tag": "Z1_out_p0_u-1",
      "Z": 1.0,
      "r0": 1.0,
      "phi0": 0.0,
      "u0": -1.0,
      "r_end": 100.0,
      "phi_end": 2.5040164829925056,
      "u_end": 0.0008324558559062994,
      "status": "ok",
      "phi_max": 2.5040164829925056,
      "phi_min": -0.09816958920650115,
      "ell": 1036.3989885407846,
      "null_u": 11371.647516138228,
      "notes": "phi_up; u_end>0; CLASS_ongoing"
    },
    {
      "tag": "Z1_out_p0_u-0.5",
      "Z": 1.0,
      "r0": 1.0,
      "phi0": 0.0,
      "u0": -0.5,
      "r_end": 100.0,
      "phi_end": 2.436200554232305,
      "u_end": 0.0008266742048486198,
      "status": "ok",
      "phi_max": 2.436200554232305,
      "phi_min": -0.028110012381060957,
      "ell": 974.53713620063,
      "null_u": 10013.218011332703,
      "notes": "phi_up; u_end>0; CLASS_ongoing"
    },
    {
      "tag": "Z1_out_p0_u-0.1",
      "Z": 1.0,
      "r0": 1.0,
      "phi0": 0.0,
      "u0": -0.1,
      "r_end": 100.0,
      "phi_end": 2.417096847928611,
      "u_end": 0.000798072498181978,
      "status": "ok",
      "phi_max": 2.417096847928611,
      "phi_min": -0.0011908255699108437,
      "ell": 962.8130110820896,
      "null_u": 9739.016351051097,
      "notes": "phi_up; u_end>0; CLASS_ongoing"
    },
    {
      "tag": "Z1_out_p0_u0",
      "Z": 1.0,
      "r0": 1.0,
      "phi0": 0.0,
      "u0": 0.0,
      "r_end": 100.0,
      "phi_end": 2.4178795562798694,
      "u_end": 0.0007871019958733289,
      "status": "ok",
      "phi_max": 2.4178795562798694,
      "phi_min": 0.0,
      "ell": 965.5116369888351,
      "null_u": 9784.940682230594,
      "notes": "phi_up; u_end>0; CLASS_ongoing"
    },
    {
      "tag": "Z1_out_p0_u0.1",
      "Z": 1.0,
      "r0": 1.0,
      "phi0": 0.0,
      "u0": 0.1,
      "r_end": 100.0,
      "phi_end": 2.421062019073787,
      "u_end": 0.0007746121628083492,
      "status": "ok",
      "phi_max": 2.421062019073787,
      "phi_min": 0.0,
      "ell": 970.6324003328798,
      "null_u": 9880.271174164765,
      "notes": "phi_up; u_end>0; CLASS_ongoing"
    },
    {
      "tag": "Z1_out_p0_u0.5",
      "Z": 1.0,
      "r0": 1.0,
      "phi0": 0.0,
      "u0": 0.5,
      "r_end": 100.0,
      "phi_end": 2.4595154563677077,
      "u_end": 0.0007110534487966833,
      "status": "ok",
      "phi_max": 2.4595154563677077,
      "phi_min": 0.0,
      "ell": 1017.8555768325459,
      "null_u": 10829.109021842434,
      "notes": "phi_up; u_end>0; CLASS_ongoing"
    },
    {
      "tag": "Z1_out_p0_u1",
      "Z": 1.0,
      "r0": 1.0,
      "phi0": 0.0,
      "u0": 1.0,
      "r_end": 100.0,
      "phi_end": 2.5707958758861555,
      "u_end": 0.0006129043293896085,
      "status": "ok",
      "phi_max": 2.5707958758861555,
      "phi_min": 0.0,
      "ell": 1150.515921461611,
      "null_u": 13791.87307480144,
      "notes": "phi_up; u_end>0; CLASS_ongoing"
    },
    {
      "tag": "Z1_out_p0_u2",
      "Z": 1.0,
      "r0": 1.0,
      "phi0": 0.0,
      "u0": 2.0,
      "r_end": 100.0,
      "phi_end": 3.011238870588302,
      "u_end": 0.0004531671917829461,
      "status": "ok",
      "phi_max": 3.011238870588302,
      "phi_min": 0.0,
      "ell": 1810.4141734099637,
      "null_u": 34094.37696803512,
      "notes": "phi_up; u_end>0; CLASS_ongoing"
    },
    {
      "tag": "Z1_in_p0_u-0.5",
      "Z": 1.0,
      "r0": 1.0,
      "phi0": 0.0,
      "u0": -0.5,
      "r_end": 0.03762316511297399,
      "phi_end": 39.9999999999999,
      "u_end": -1112.1438772272404,
      "status": "phi_cap",
      "phi_max": 39.9999999999999,
      "phi_min": 0.0,
      "ell": 474099842709391.94,
      "null_u": 7.478516554910398e+31,
      "notes": "phi_down; u_end<=0"
    },
    {
      "tag": "Z1_in_p0_u0",
      "Z": 1.0,
      "r0": 1.0,
      "phi0": 0.0,
      "u0": 0.0,
      "r_end": 0.03243138120855647,
      "phi_end": 39.99999999999999,
      "u_end": -1287.5965736529556,
      "status": "phi_cap",
      "phi_max": 39.99999999999999,
      "phi_min": 0.0,
      "ell": 300386122761244.06,
      "null_u": 5.392755293488398e+31,
      "notes": "phi_down; u_end<=0"
    },
    {
      "tag": "Z1_in_p0_u0.5",
      "Z": 1.0,
      "r0": 1.0,
      "phi0": 0.0,
      "u0": 0.5,
      "r_end": 0.029738860045437413,
      "phi_end": 39.99999999999995,
      "u_end": -1407.4822846179864,
      "status": "phi_cap",
      "phi_max": 39.99999999999995,
      "phi_min": -0.03293428676996204,
      "ell": 448340387489046.1,
      "null_u": 1.0336417478989412e+32,
      "notes": "phi_down; u_end>0"
    },
    {
      "tag": "Z1_in_p0_u1",
      "Z": 1.0,
      "r0": 1.0,
      "phi0": 0.0,
      "u0": 1.0,
      "r_end": 0.02997464898449399,
      "phi_end": 39.99999999999984,
      "u_end": -1406.4640342255893,
      "status": "phi_cap",
      "phi_max": 39.99999999999984,
      "phi_min": -0.1293456418282094,
      "ell": 366290026387321.9,
      "null_u": 5.55777725733645e+31,
      "notes": "phi_down; u_end>0"
    }
  ],
  "long": [
    {
      "tag": "Z1_out_p0_u0",
      "Z": 1.0,
      "r0": 1.0,
      "phi0": 0.0,
      "u0": 0.0,
      "r_end": 500.0,
      "phi_end": 2.5046998296581893,
      "u_end": 7.665513856786633e-05,
      "status": "ok",
      "phi_max": 2.5046998296581893,
      "phi_min": 0.0,
      "ell": 5730.345486807036,
      "null_u": 66571.91958618803,
      "notes": "phi_up; u_end>0; CLASS_ongoing"
    },
    {
      "tag": "Z1_out_p0_u0.1",
      "Z": 1.0,
      "r0": 1.0,
      "phi0": 0.0,
      "u0": 0.1,
      "r_end": 500.0,
      "phi_end": 2.506756944054301,
      "u_end": 7.594096665510605e-05,
      "status": "ok",
      "phi_max": 2.506756944054301,
      "phi_min": 0.0,
      "ell": 5746.734037665037,
      "null_u": 66935.45667279139,
      "notes": "phi_up; u_end>0; CLASS_ongoing"
    },
    {
      "tag": "Z1_out_p0_u0.5",
      "Z": 1.0,
      "r0": 1.0,
      "phi0": 0.0,
      "u0": 0.5,
      "r_end": 500.0,
      "phi_end": 2.5384986890255132,
      "u_end": 7.045399006377677e-05,
      "status": "ok",
      "phi_max": 2.5384986890255132,
      "phi_min": 0.0,
      "ell": 5957.956936468708,
      "null_u": 71865.50728333525,
      "notes": "phi_up; u_end>0; CLASS_ongoing"
    },
    {
      "tag": "Z1_out_p0_u1",
      "Z": 1.0,
      "r0": 1.0,
      "phi0": 0.0,
      "u0": 1.0,
      "r_end": 500.0,
      "phi_end": 2.6376934128694756,
      "u_end": 5.8684842778976926e-05,
      "status": "ok",
      "phi_max": 2.6376934128694756,
      "phi_min": 0.0,
      "ell": 6627.351090565808,
      "null_u": 88803.05939905894,
      "notes": "phi_up; u_end>0; CLASS_ongoing"
    }
  ],