bank	point_id	x0	x1	x2	x3	design_rows
B0	P0	0.0	0.0	0.0	0.0	60
B0	P4	-0.16666666666666666	-0.14285714285714285	0.125	0.1111111111111111	60
B1	P1	0.3333333333333333	-0.25	0.2	-0.16666666666666666	60
B1	P5	0.5	0.0	-0.3333333333333333	0.25	60
B2	P2	-0.25	0.2	-0.16666666666666666	0.14285714285714285	60
B2	P6	0.0	-0.5	0.25	-0.3333333333333333	60
B3	P3	0.2	0.16666666666666666	-0.14285714285714285	-0.125	60
B3	P7	0.3333333333333333	0.3333333333333333	0.3333333333333333	0.3333333333333333	60
