control_id	ratio_B_over_L	L	shortest_lines_mod_sign	multiplicity	shortest_norm_squared	outside_lower_bound	status
T01	-1/2	1.1547005383792517	(0,1);(1,0);(1,1)	3	1.1547005383792517	254.611468712625	PASS
T02	-1/4	1.0327955589886444	(0,1);(1,0)	2	1.0327955589886444	341.59713113549412	PASS
T03	0	1	(0,1);(1,0)	2	1	441	PASS
T04	1/4	1.0327955589886444	(0,1);(1,0)	2	1.0327955589886444	341.59713113549412	PASS
T05	1/2	1.1547005383792517	(0,1);(1,-1);(1,0)	3	1.1547005383792517	254.611468712625	PASS
